transaction_id,customer_id,order_date,category,product_line,quantity,unit_price_eur,discount_pct,revenue_eur,channel,reason_code
TXN10437,C0145,2026-03-20,Bracelet,Classic,2,153.62,0.05,291.88,Online,
TXN10522,C0092,2025-01-17,Earrings,Classic,3,42.57,0.05,121.32,Flagship,
TXN10338,C0111,2025-05-02,Bracelet,Signature,1,919.24,0.15,781.35,Online,
TXN10813,C0001,2024-03-12,Necklace,Signature,2,1196.72,0.2,1914.75,Boutique,
TXN10172,C0245,2024-12-05,Necklace,Signature,1,1322.87,0.05,1256.73,Online,
TXN10234,C0039,2026-07-15,Necklace,Classic,1,270.66,0.05,257.13,Boutique,
TXN10340,C0345,2025-05-14,Watch,Limited,1,1258.19,0.1,1132.37,Online,
TXN10599,C0297,2025-08-29,Necklace,Signature,2,354.21,0.1,637.58,Boutique,
TXN10332,C0266,2024-11-19,Earrings,Signature,1,133.92,0.05,127.22,Online,
TXN10885,C0303,2024-08-22,Ring,Bridal,1,148.97,0.0,148.97,Flagship,
TXN10415,C0127,2025-02-18,Earrings,Classic,2,1862.09,0.2,2979.34,Boutique,
TXN10374,C0007,2025-11-02,Ring,Classic,1,425.33,0.1,382.8,Online,
TXN10450,C0344,2024-10-06,Necklace,Classic,1,198.13,0.15,168.41,Online,
TXN10000,C0314,2024-03-08,Necklace,Classic,2,1177.09,0.3,1647.93,Online,
TXN10308,C0247,2026-07-12,Ring,Bridal,3,1528.61,0.2,3668.66,Boutique,
TXN10068,C0132,2026-01-10,Earrings,Classic,1,832.89,0.2,666.31,Online,
TXN10036,C0279,2025-05-20,Watch,Limited,1,498.17,0.05,473.26,Boutique,
TXN10182,C0174,2025-09-20,Watch,Signature,2,338.94,0.1,610.09,Boutique,
TXN10920,X9871,2025-12-20,Ring,Classic,1,145.43,0.0,145.43,Online,
TXN10613,C0280,2025-05-01,Earrings,Classic,1,198.49,0.0,198.49,Online,
TXN10260,C0083,2025-11-30,Bracelet,Limited,3,26.29,0.3,55.21,Boutique,
TXN10202,C0089,2026-06-15,Ring,High Jewelry,1,206.5,0.2,165.2,Boutique,
TXN10544,C0181,2025-04-11,Bracelet,Limited,1,124.27,0.0,124.27,Online,
TXN10692,C0326,2025-03-26,Earrings,Signature,1,1043.08,0.0,1043.08,Boutique,
TXN10609,C0204,2024-08-29,Ring,High Jewelry,2,2721.72,0.3,3810.41,Flagship,
TXN10442,C0034,2024-10-14,Ring,Signature,2,1303.75,0.2,2086.0,Boutique,
TXN10753,C0206,2025-10-27,Watch,Limited,2,371.27,0.15,631.16,Boutique,
TXN10053,C0178,2024-10-09,Ring,Classic,1,1080.36,0.0,1080.36,Boutique,
TXN10044,C0276,2026-02-19,Ring,High Jewelry,1,70.59,0.15,60.0,Boutique,
TXN10358,C0170,2026-05-13,Necklace,High Jewelry,1,857.26,0.3,600.08,Boutique,
TXN10034,C0090,2026-06-22,Earrings,Classic,3,960.86,0.3,2017.81,Flagship,
TXN10725,C0219,2026-05-24,Necklace,High Jewelry,2,2119.87,0.05,4027.75,Boutique,
TXN10464,C0047,2026-04-16,Ring,Signature,3,97.0,0.3,203.7,Boutique,
TXN10006,C0015,2024-02-16,Necklace,Classic,2,280.69,0.1,505.24,Online,
TXN10650,C0048,2025-06-09,Necklace,Classic,1,282.4,0.2,225.92,Online,
TXN10212,C0152,2026-07-17,Bracelet,Limited,1,383.29,0.15,325.8,Online,
TXN10346,C0044,2024-11-12,Earrings,Classic,2,70.36,0.2,112.58,Boutique,
TXN10596,C0294,2026-04-07,Necklace,High Jewelry,1,458.95,0.05,436.0,Boutique,
TXN10556,C0034,2026-02-13,Watch,Signature,1,706.6,0.15,600.61,Boutique,
TXN10041,C0121,2025-11-14,Necklace,High Jewelry,2,174.29,0.2,278.86,Boutique,
TXN10426,C0312,2024-08-31,Earrings,Classic,2,102.62,0.1,184.72,Boutique,
TXN10254,C0054,2025-11-04,Earrings,Classic,2,2483.67,0.1,4470.61,Boutique,
TXN10281,C0202,2025-07-14,Watch,Limited,3,1657.57,0.2,3978.17,Flagship,
TXN10252,C0235,2025-05-31,Watch,Limited,2,124.5,0.2,199.2,Boutique,
TXN10176,C0115,2026-04-14,Watch,Signature,3,203.61,0.05,580.29,Boutique,
TXN10502,C0055,2025-05-13,Bracelet,Classic,3,58.36,0.0,175.08,Boutique,
TXN10268,C0267,2026-03-16,Necklace,Classic,2,501.0,0.1,901.8,Boutique,
TXN10210,C0328,2026-06-01,Bracelet,Limited,3,144.84,0.05,412.79,Boutique,
TXN10859,C0034,2025-10-17,Bracelet,Signature,1,911.13,0.05,865.57,Boutique,
TXN10243,C0006,2025-06-01,Ring,Bridal,1,482.62,0.0,482.62,Boutique,
TXN10198,C0170,2024-02-20,Ring,Classic,1,1163.71,0.3,814.6,Boutique,
TXN10157,C0062,2024-06-10,Necklace,Classic,3,1134.85,0.2,2723.64,Online,
TXN10895,C0130,2024-12-21,Watch,Signature,3,1903.1,0.0,5709.3,Flagship,
TXN10121,C0207,2026-02-06,Watch,Limited,3,3413.56,0.1,9216.61,Online,
TXN10608,C0249,2024-02-26,Necklace,Classic,2,2086.87,0.05,3965.05,Online,
TXN10138,C0275,2025-09-22,Watch,Limited,3,223.51,0.2,536.42,Online,
TXN10124,C0226,2024-01-01,Earrings,Signature,3,2495.02,0.0,7485.06,Online,
TXN10373,C0337,2025-06-22,Earrings,Classic,1,872.19,0.05,828.58,Boutique,
TXN10788,C0337,2025-10-27,Bracelet,Limited,1,629.28,0.1,566.35,Boutique,
TXN10029,C0149,2024-10-21,Necklace,High Jewelry,2,892.31,0.05,1695.39,Flagship,
TXN10776,C0123,2024-10-07,Ring,Signature,3,2348.89,0.0,7046.67,Online,
TXN10392,C0287,2025-05-14,Ring,Signature,2,310.81,0.15,528.38,Flagship,
TXN10835,C0152,2025-05-26,Ring,Classic,1,733.9,0.0,733.9,Online,
TXN10664,C0250,2026-01-01,Ring,Bridal,1,680.44,0.2,544.35,Boutique,
TXN10090,C0171,2025-01-24,Watch,Signature,1,1159.63,0.1,1043.67,Online,
TXN10435,C0149,2024-01-02,Ring,Bridal,1,128.2,0.2,102.56,Online,
TXN10018,C0257,2024-02-16,Necklace,Classic,1,1625.15,0.15,1381.38,Online,
TXN10453,C0346,2024-04-18,Necklace,High Jewelry,2,387.47,0.0,774.94,Online,
TXN10675,C0213,2024-09-08,Necklace,Signature,1,1636.66,0.15,1391.16,Boutique,
TXN10021,C0158,2025-09-03,Necklace,Classic,2,114.87,0.15,195.28,Boutique,
TXN10378,C0286,2025-03-01,Watch,Limited,2,3594.41,0.05,6829.38,Online,
TXN10328,C0104,2026-05-06,Ring,Bridal,1,642.37,0.0,642.37,Flagship,
TXN10708,C0104,2026-02-09,Ring,Classic,2,626.25,0.3,876.75,Boutique,
TXN10914,C0058,2024-06-22,Earrings,Signature,1,1635.0,0.15,1389.75,Boutique,
TXN10704,C0175,2024-07-03,Earrings,Classic,1,157.01,0.1,141.31,Boutique,
TXN10025,C0089,2026-07-23,Earrings,Signature,3,565.54,0.3,1187.63,Online,
TXN10773,C0292,2025-04-16,Earrings,Signature,1,457.94,0.05,435.04,Online,
TXN10354,C0146,2026-04-08,Watch,Signature,1,287.94,0.0,287.94,Boutique,
TXN10628,C0148,2025-01-26,Earrings,Classic,2,138.56,0.0,277.12,Boutique,
TXN10848,C0208,2025-02-07,Necklace,High Jewelry,2,619.06,0.1,1114.31,Boutique,
TXN10792,C0258,2025-12-22,Watch,Signature,1,4134.36,0.0,4134.36,Online,
TXN10566,C0053,2024-06-07,Ring,Classic,2,511.78,0.15,870.03,Online,
TXN10287,C0162,2024-06-21,Earrings,Classic,2,65.38,0.05,124.22,Online,
TXN10330,C0141,2024-07-06,Earrings,Signature,2,289.15,0.0,578.3,Boutique,
TXN10507,C0055,2025-05-24,Necklace,Signature,1,785.48,0.3,549.84,Boutique,
TXN10215,C0287,2026-08-27,Ring,High Jewelry,1,820.95,0.0,820.95,Boutique,
TXN10353,C0331,2026-04-28,Earrings,Signature,2,360.88,0.2,577.41,Boutique,
TXN10377,C0119,2025-01-29,Watch,Signature,1,143.05,0.15,121.59,Online,
TXN10902,C0274,2024-01-02,Necklace,High Jewelry,1,1057.5,0.05,1004.62,Boutique,
TXN10529,C0286,2025-12-10,Necklace,High Jewelry,3,184.15,0.0,552.45,Boutique,
TXN10255,C0141,2024-12-17,Earrings,Signature,1,2496.58,0.0,2496.58,Boutique,
TXN10075,C0335,2024-04-05,Necklace,High Jewelry,2,369.82,0.0,739.64,Online,
TXN10108,C0303,2025-11-19,Necklace,Signature,3,314.33,0.0,942.99,Boutique,
TXN10141,C0086,2024-05-09,Bracelet,Signature,1,811.11,0.05,770.55,Online,
TXN10367,C0194,2026-01-11,Bracelet,Classic,1,469.04,0.15,398.68,Online,
TXN10266,C0170,2025-12-27,Earrings,Signature,3,3664.66,0.15,9344.88,Online,
TXN10598,C0148,2024-02-18,Bracelet,Classic,1,200.98,0.15,170.83,Online,
TXN10892,C0333,2024-08-03,Bracelet,Limited,1,586.6,0.0,586.6,Online,
TXN10059,C0276,2024-09-03,Earrings,Classic,3,1264.91,0.0,3794.73,Online,
TXN10737,C0125,2026-03-27,Ring,Signature,3,683.76,0.3,1435.9,Boutique,
TXN10840,C0281,2024-04-09,Earrings,Classic,3,1072.97,0.05,3057.96,Boutique,
TXN10301,C0059,2025-11-22,Earrings,Classic,1,468.41,0.2,374.73,Online,
TXN10027,C0148,2025-12-07,Ring,High Jewelry,1,868.18,0.15,737.95,Flagship,
TXN10525,C0296,2026-05-25,Watch,Signature,2,207.05,0.1,372.69,Online,
TXN10691,C0190,2025-02-16,Watch,Limited,2,696.55,0.3,975.17,Boutique,
TXN10570,C0221,2024-07-20,Necklace,Signature,1,506.25,0.05,480.94,Boutique,
TXN10478,C0233,2026-07-16,Watch,Limited,2,396.18,0.05,752.74,Flagship,
TXN10686,C0025,2025-04-04,Necklace,High Jewelry,2,115.71,0.05,219.85,Flagship,
TXN10801,C0226,2025-06-01,Earrings,Signature,1,709.36,0.3,496.55,Flagship,
TXN10886,C0010,2024-07-23,Watch,Limited,3,382.9,0.0,1148.7,Boutique,
TXN10909,C0007,2024-04-12,Watch,Signature,1,389.42,0.3,272.59,Online,
TXN10393,C0125,2024-09-29,Necklace,Signature,2,1066.3,0.0,2132.6,,
TXN10923,X9380,2025-01-21,Ring,Classic,1,2095.27,0.0,2095.27,Flagship,
TXN10629,C0015,2024-09-25,Bracelet,Limited,1,198.51,0.05,188.58,Online,
TXN10189,C0044,2026-04-07,Bracelet,Signature,2,7115.62,0.0,14231.24,Online,
TXN10489,C0124,2026-02-27,Watch,Signature,3,206.67,0.0,620.01,Boutique,
TXN10852,C0024,2026-07-15,Watch,Limited,2,2358.4,0.0,4716.8,Online,
TXN10705,C0051,2024-06-21,Watch,Limited,1,300.19,0.0,300.19,Boutique,
TXN10906,C0189,2026-07-12,Ring,Signature,2,455.5,0.0,911.0,Online,
TXN10256,C0281,2025-12-29,Bracelet,Limited,1,1340.86,0.0,1340.86,Boutique,
TXN10757,C0142,2024-04-10,Ring,High Jewelry,2,159.97,0.0,319.94,Boutique,
TXN10311,C0132,2024-01-06,Ring,Classic,2,3210.81,0.15,5458.38,Boutique,
TXN10492,C0045,2024-05-13,Watch,Signature,3,182.87,0.15,466.32,Online,
TXN10740,C0328,2026-03-15,Ring,Bridal,2,180.42,0.2,288.67,Online,
TXN10131,C0322,2026-07-30,Ring,Signature,1,289.58,0.0,289.58,Online,
TXN10093,C0304,2024-07-03,Watch,Signature,3,1055.94,0.1,2851.04,Flagship,
TXN10775,C0222,2025-01-28,Earrings,Classic,2,1273.4,0.0,2546.8,Boutique,
TXN10161,C0039,2024-03-07,Necklace,Signature,1,98.38,0.0,98.38,Flagship,
TXN10248,C0232,2024-04-09,Necklace,Signature,1,924.07,0.05,877.87,Online,
TXN10273,C0050,2026-03-02,Ring,Signature,1,529.64,0.0,529.64,Online,
TXN10569,C0117,2024-05-08,Bracelet,Signature,1,270.75,0.0,270.75,Boutique,
TXN10061,C0231,2024-04-04,Bracelet,Limited,1,730.84,0.05,694.3,Boutique,
TXN10241,C0007,2026-02-24,Watch,Signature,1,2602.82,0.2,2082.26,Online,
TXN10114,C0282,2024-04-25,Watch,Signature,2,594.33,0.3,832.06,Flagship,
TXN10715,C0285,2026-06-18,Bracelet,Limited,1,354.4,0.2,283.52,Flagship,
TXN10272,C0264,2025-04-01,Watch,Signature,3,475.61,0.0,1426.83,Boutique,
TXN10911,C0044,2024-05-22,Ring,High Jewelry,2,452.82,0.3,633.95,Boutique,
TXN10552,C0100,2024-11-21,Earrings,Classic,1,734.07,0.2,587.26,Boutique,
TXN10873,C0149,2025-05-09,Bracelet,Classic,3,300.34,0.2,720.82,Online,
TXN10531,C0071,2024-07-08,Earrings,Classic,2,1174.75,0.2,1879.6,Online,
TXN10472,C0234,2026-08-10,Watch,Limited,2,415.33,0.1,747.59,Online,
TXN10169,C0295,2024-12-29,Earrings,Signature,1,219.97,0.3,153.98,Online,
TXN10754,C0131,2024-03-27,Watch,Limited,2,419.26,0.0,838.52,Boutique,
TXN10097,C0275,2025-10-15,Watch,Limited,1,119.47,0.2,95.58,Online,
TXN10306,C0233,2025-08-27,Watch,Limited,1,133.15,0.0,133.15,Boutique,
TXN10067,C0079,2024-12-03,Ring,High Jewelry,1,150.77,0.1,135.69,Online,
TXN10240,C0195,2025-09-18,Bracelet,Signature,1,142.49,0.0,142.49,Boutique,
TXN10187,C0136,2025-10-19,Necklace,Classic,2,545.75,0.05,1036.92,Boutique,
TXN10194,C0285,2025-07-19,Earrings,Signature,2,313.15,0.3,438.41,Boutique,
TXN10874,C0157,2026-04-25,Watch,Signature,1,442.91,0.0,442.91,Boutique,
TXN10319,C0328,2025-03-25,Earrings,Classic,1,2662.45,0.0,2662.45,Online,
TXN10505,C0077,2024-08-26,Watch,Signature,2,69.84,0.15,118.73,Boutique,
TXN10551,C0101,2024-03-26,Necklace,Signature,3,561.56,0.0,1684.68,,
TXN10317,C0083,2025-10-13,Earrings,Classic,1,432.55,0.05,410.92,Boutique,
TXN10817,C0194,2024-10-10,Necklace,Classic,1,186.38,0.0,186.38,Boutique,
TXN10631,C0197,2026-01-23,Earrings,Classic,2,600.57,0.0,1201.14,Boutique,
TXN10048,C0012,2024-09-17,Earrings,Signature,2,5162.96,0.0,10325.92,Boutique,
TXN10022,C0299,2024-06-23,Earrings,Classic,2,580.57,0.0,1161.14,Online,
TXN10674,C0256,2024-06-06,Necklace,Signature,1,747.82,0.0,747.82,Online,
TXN10565,C0074,2024-05-20,Necklace,Classic,2,520.45,0.1,936.81,Boutique,
TXN10233,C0007,2026-07-17,Necklace,High Jewelry,2,87.68,0.0,175.36,Flagship,
TXN10369,C0036,2024-06-07,Watch,Limited,2,290.34,0.05,551.65,Boutique,
TXN10318,C0197,2025-09-20,Earrings,Classic,2,744.74,0.0,1489.48,Flagship,
TXN10035,C0005,2025-08-04,Bracelet,Limited,1,7413.16,0.05,7042.5,Boutique,
TXN10352,C0281,2024-07-12,Bracelet,Limited,2,337.3,0.0,674.6,Boutique,
TXN10864,C0337,2024-05-26,Ring,High Jewelry,1,207.59,0.2,166.07,Online,
TXN10910,C0068,2026-02-27,Ring,High Jewelry,1,628.71,0.3,440.1,Boutique,
TXN10761,C0283,2026-01-09,Earrings,Signature,1,1211.76,0.05,1151.17,Online,
TXN10710,C0010,2025-07-21,Bracelet,Signature,-1,168.16,0.05,-159.75,Online,R
TXN10707,C0051,2024-05-25,Bracelet,Classic,2,386.28,0.3,540.79,Online,
TXN10856,C0205,2024-03-26,Earrings,Classic,1,108.95,0.2,87.16,Online,
TXN10648,C0341,2026-05-02,Necklace,High Jewelry,2,360.47,0.1,648.85,Boutique,
TXN10207,C0312,2025-12-30,Bracelet,Signature,1,391.27,0.1,352.14,Boutique,
TXN10179,C0035,2024-09-19,Bracelet,Signature,1,3419.51,0.1,3077.56,Boutique,
TXN10561,C0062,2025-06-08,Bracelet,Limited,1,166.55,0.05,158.22,Boutique,
TXN10772,C0142,2024-01-08,Ring,High Jewelry,2,2622.71,0.15,4458.61,Online,
TXN10100,C0248,2024-10-29,Necklace,Signature,2,184.44,0.3,258.22,Boutique,
TXN10227,C0328,2026-02-28,Bracelet,Classic,1,527.89,0.2,422.31,Boutique,
TXN10771,C0222,2024-06-11,Earrings,Signature,2,12289.04,0.0,24578.08,Boutique,
TXN10225,C0223,2024-12-16,Ring,Signature,2,867.12,0.0,1734.24,Boutique,
TXN10807,C0261,2025-10-12,Earrings,Classic,3,1590.5,0.1,4294.35,Flagship,
TXN10142,C0269,2024-09-26,Necklace,Signature,1,1269.57,0.1,1142.61,Boutique,
TXN10020,C0289,2025-05-01,Bracelet,Limited,3,1265.63,0.0,3796.89,Flagship,
TXN10595,C0137,2025-12-13,Necklace,Signature,1,464.76,0.1,418.28,Online,
TXN10355,C0327,2025-09-24,Earrings,Classic,2,365.92,0.0,731.84,Boutique,
TXN10294,C0248,2024-02-11,Bracelet,Classic,1,174.93,0.05,166.18,Boutique,
TXN10222,C0274,2026-01-18,Ring,Signature,1,386.49,0.3,270.54,Online,
TXN10077,C0271,2024-08-23,Necklace,Signature,1,1986.98,0.0,1986.98,Online,
TXN10387,C0179,2025-03-02,Earrings,Signature,2,3722.74,0.0,7445.48,Online,
TXN10878,C0225,2024-05-23,Ring,Classic,1,302.59,0.3,211.81,Online,
TXN10819,C0249,2026-02-14,Earrings,Signature,1,287.43,0.2,229.94,Online,
TXN10120,C0251,2025-08-14,Ring,Classic,2,964.21,0.1,1735.58,Boutique,
TXN10872,C0192,2024-12-12,Necklace,Classic,2,1396.13,0.3,1954.58,Online,
TXN10231,C0255,2025-09-15,Ring,Bridal,2,228.43,0.0,456.86,Boutique,
TXN10803,C0195,2024-11-09,Earrings,Classic,2,428.32,0.1,770.98,Boutique,
TXN10086,C0198,2024-10-25,Necklace,Classic,3,235.92,0.15,601.6,Flagship,
TXN10712,C0285,2024-02-12,Earrings,Signature,1,1181.45,0.0,1181.45,Boutique,
TXN10135,C0185,2024-05-15,Bracelet,Classic,2,130.82,0.05,248.56,Boutique,
TXN10136,C0242,2024-01-18,Necklace,Signature,1,582.41,0.0,582.41,Flagship,
TXN10009,C0311,2024-11-16,Ring,High Jewelry,1,1342.32,0.1,1208.09,Boutique,
TXN10823,C0002,2024-01-18,Bracelet,Classic,3,3621.37,0.05,10320.9,Online,
TXN10257,C0149,2026-08-01,Bracelet,Signature,1,504.74,0.2,403.79,Boutique,
TXN10671,C0250,2024-12-14,Bracelet,Limited,2,5069.8,0.05,9632.62,Online,
TXN10586,C0278,2026-04-08,Bracelet,Classic,1,2201.83,0.1,1981.65,Online,
TXN10001,C0163,2025-04-05,Necklace,High Jewelry,1,431.13,0.3,301.79,Online,
TXN10381,C0166,2024-09-03,Watch,Limited,2,573.4,0.2,917.44,Boutique,
TXN10385,C0040,2026-03-22,Bracelet,Classic,3,462.01,0.2,1108.82,Online,
TXN10259,C0217,2025-06-19,Necklace,Signature,1,148.49,0.2,118.79,Boutique,
TXN10342,C0041,2024-12-17,Ring,Bridal,1,232.58,0.2,186.06,Boutique,
TXN10681,C0106,2025-10-01,Watch,Limited,3,2353.69,0.05,6708.02,Online,
TXN10263,C0196,2025-03-02,Earrings,Signature,1,223.77,0.2,179.02,Boutique,
TXN10147,C0206,2026-06-17,Necklace,Signature,1,449.54,0.05,427.06,Boutique,
TXN10527,C0168,2025-08-16,Earrings,Classic,1,1791.46,0.0,1791.46,Flagship,
TXN10439,C0174,2026-07-27,Earrings,Signature,1,468.77,0.1,421.89,Boutique,
TXN10603,C0290,2025-06-18,Necklace,Signature,1,172.27,0.0,172.27,Online,
TXN10806,C0198,2024-06-15,Watch,Limited,1,177.04,0.3,123.93,Flagship,
TXN10820,C0123,2025-11-12,Bracelet,Classic,1,301.18,0.3,210.83,Boutique,
TXN10714,C0024,2026-01-26,Ring,Signature,1,528.04,0.1,475.24,Online,
TXN10115,C0226,2024-08-11,Watch,Limited,1,6032.77,0.3,4222.94,Flagship,
TXN10031,C0327,2024-02-23,Ring,Signature,2,159.72,0.0,319.44,Online,
TXN10030,C0140,2024-04-21,Ring,Signature,1,835.75,0.0,835.75,Online,
TXN10236,C0024,2026-05-22,Necklace,High Jewelry,1,71.22,0.05,67.66,Online,
TXN10333,C0096,2024-09-26,Watch,Limited,2,192.81,0.05,366.34,Boutique,
TXN10562,C0070,2024-06-16,Bracelet,Signature,3,131.53,0.05,374.86,,
TXN10794,C0020,2026-08-03,Ring,Classic,1,207.33,0.05,196.96,Boutique,
TXN10738,C0076,2024-11-12,Earrings,Classic,1,648.75,0.15,551.44,Online,
TXN10205,C0146,2025-01-30,Necklace,Classic,1,964.98,0.2,771.98,Boutique,
TXN10649,C0308,2024-04-02,Earrings,Signature,2,6379.65,0.0,12759.3,Boutique,
TXN10521,C0193,2024-03-16,Ring,Bridal,2,443.11,0.0,886.22,Boutique,
TXN10468,C0282,2024-01-01,Necklace,Classic,1,4191.77,0.0,4191.77,Online,
TXN10624,C0094,2026-06-16,Earrings,Classic,2,121.47,0.0,242.94,Boutique,
TXN10208,C0155,2026-04-24,Watch,Limited,1,863.82,0.15,734.25,Flagship,
TXN10789,C0256,2025-12-30,Necklace,High Jewelry,1,1094.68,0.15,930.48,Boutique,
TXN10680,C0177,2026-04-26,Necklace,High Jewelry,1,204.37,0.2,163.5,Boutique,
TXN10412,C0333,2024-07-07,Bracelet,Classic,1,1820.08,0.0,1820.08,Boutique,
TXN10174,C0038,2025-12-22,Bracelet,Classic,1,1958.2,0.05,1860.29,Boutique,
TXN10376,C0271,2026-01-21,Necklace,High Jewelry,1,153.75,0.15,130.69,Boutique,
TXN10277,C0345,2025-07-01,Necklace,High Jewelry,1,287.11,0.3,200.98,Online,
TXN10756,C0092,2024-08-27,Earrings,Classic,1,305.33,0.05,290.06,Online,
TXN10765,C0291,2026-07-24,Watch,Signature,2,2274.29,0.0,4548.58,Flagship,
TXN10019,C0168,2024-11-22,Watch,Limited,1,938.67,0.15,797.87,Online,
TXN10498,C0078,2026-07-15,Bracelet,Limited,2,2726.33,0.1,4907.39,Boutique,
TXN10494,C0219,2024-09-20,Bracelet,Signature,1,1149.69,0.0,1149.69,Boutique,
TXN10526,C0303,2026-05-07,Earrings,Classic,2,458.84,0.2,734.14,Online,
TXN10226,C0109,2025-08-26,Necklace,Signature,3,497.69,0.2,1194.46,Online,
TXN10242,C0222,2025-05-08,Ring,Classic,2,200.49,0.0,400.98,Online,
TXN10810,C0048,2025-02-11,Earrings,Signature,2,1153.56,0.05,2191.76,Online,
TXN10344,C0086,2026-05-24,Ring,Classic,1,743.74,0.1,669.37,Boutique,
TXN10071,C0192,2025-09-24,Necklace,Signature,3,415.65,0.05,1184.6,Boutique,
TXN10312,C0193,2025-12-05,Ring,High Jewelry,1,1301.59,0.0,1301.59,Boutique,
TXN10701,C0287,2024-07-16,Necklace,Signature,1,3212.28,0.15,2730.44,Boutique,
TXN10575,C0093,2025-01-23,Bracelet,Signature,2,366.91,0.0,733.82,Online,
TXN10392,C0287,2025-05-14,Ring,Signature,2,310.81,0.15,528.38,Flagship,
TXN10395,C0180,2026-04-21,Watch,Signature,1,2587.06,0.1,2328.35,Boutique,
TXN10605,C0132,2024-08-29,Watch,Limited,1,403.27,0.0,403.27,Boutique,
TXN10644,C0169,2025-11-02,Necklace,High Jewelry,3,751.61,0.2,1803.86,Flagship,
TXN10197,C0020,2024-10-09,Ring,Bridal,3,305.02,0.2,732.05,Boutique,
TXN10571,C0342,2026-02-11,Necklace,Classic,1,785.08,0.0,785.08,Online,
TXN10119,C0150,2025-08-09,Bracelet,Signature,1,95.89,0.3,67.12,Online,
TXN10620,C0015,2025-10-18,Necklace,Classic,3,1014.81,0.0,3044.43,Boutique,
TXN10238,C0198,2026-03-30,Earrings,Classic,1,134.71,0.0,134.71,Boutique,
TXN10869,C0208,2025-09-23,Necklace,High Jewelry,2,97.81,0.2,156.5,Boutique,
TXN10627,C0008,2025-03-21,Watch,Limited,1,1670.43,0.2,1336.34,Boutique,
TXN10366,C0120,2025-07-25,Bracelet,Limited,2,4619.85,0.2,7391.76,Boutique,
TXN10299,C0004,2026-06-22,Watch,Signature,1,217.78,0.15,185.11,Online,
TXN10795,C0267,2025-10-25,Earrings,Signature,-1,5248.27,0.3,-3673.79,Online,R
TXN10348,C0140,2025-03-31,Watch,Limited,2,590.63,0.2,945.01,Online,
TXN10483,C0093,2026-06-01,Watch,Signature,2,1110.43,0.0,2220.86,Online,
TXN10700,C0143,2026-06-05,Necklace,High Jewelry,1,1443.7,0.15,1227.14,Online,
TXN10517,C0023,2025-10-22,Necklace,Signature,1,356.3,0.05,338.49,Online,
TXN10190,C0268,2025-07-02,Earrings,Classic,1,589.64,0.0,589.64,Boutique,
TXN10827,C0087,2024-04-28,Earrings,Classic,1,457.94,0.0,457.94,Boutique,
TXN10432,C0108,2025-09-18,Ring,Bridal,3,70.45,0.15,179.65,Flagship,
TXN10826,C0259,2024-05-10,Necklace,Signature,3,490.64,0.15,1251.13,Flagship,
TXN10425,C0068,2024-01-04,Ring,Classic,2,671.6,0.1,1208.88,Online,
TXN10622,C0067,2025-12-03,Watch,Signature,2,30.16,0.1,54.29,Online,
TXN10593,C0126,2024-08-28,Ring,Classic,3,978.29,0.0,2934.87,Online,
TXN10821,C0002,2026-06-10,Earrings,Signature,1,1923.5,0.0,1923.5,Online,
TXN10783,C0200,2025-03-30,Bracelet,Classic,1,4479.85,0.05,4255.86,Flagship,
TXN10832,C0046,2026-01-28,Bracelet,Signature,1,610.52,0.15,518.94,Boutique,
TXN10335,C0295,2026-04-13,Ring,Bridal,1,175.16,0.15,148.89,Boutique,
TXN10612,C0210,2026-06-02,Bracelet,Signature,1,686.31,0.2,549.05,Flagship,
TXN10733,C0151,2025-02-15,Earrings,Signature,3,140.08,0.15,357.2,Boutique,
TXN10271,C0021,2025-01-25,Bracelet,Signature,1,308.46,0.0,308.46,Flagship,
TXN10900,C0156,2024-10-30,Ring,Signature,1,1185.02,0.0,1185.02,Boutique,
TXN10209,C0288,2025-09-15,Watch,Limited,2,134.36,0.0,268.72,Boutique,
TXN10129,C0053,2024-11-16,Necklace,Classic,2,344.93,0.3,482.9,Online,
TXN10261,C0017,2026-04-13,Bracelet,Classic,3,390.32,0.2,936.77,Online,
TXN10017,C0066,2025-02-07,Necklace,Signature,1,585.24,0.0,585.24,Online,
TXN10645,C0067,2026-06-02,Ring,Bridal,1,346.09,0.15,294.18,Flagship,
TXN10656,C0175,2024-08-04,Ring,Classic,2,47.03,0.05,89.36,Online,
TXN10660,C0321,2024-07-14,Watch,Limited,1,156.27,0.0,156.27,Flagship,
TXN10506,C0008,2025-10-09,Ring,Classic,1,144.59,0.1,130.13,Online,
TXN10905,C0227,2024-11-28,Ring,Bridal,2,173.65,0.0,347.3,Boutique,
TXN10467,C0046,2024-01-09,Watch,Limited,1,757.29,0.3,530.1,Boutique,
TXN10641,C0299,2025-06-22,Necklace,High Jewelry,1,910.99,0.0,910.99,Online,
TXN10666,C0099,2024-12-18,Earrings,Signature,2,388.7,0.2,621.92,Boutique,
TXN10196,C0147,2026-06-20,Watch,Limited,2,298.83,0.2,478.13,Boutique,
TXN10632,C0242,2025-09-12,Bracelet,Limited,1,1028.97,0.0,1028.97,Boutique,
TXN10163,C0255,2025-01-26,Necklace,Signature,1,748.42,0.0,748.42,Boutique,
TXN10139,C0224,2024-02-29,Ring,Signature,1,76.01,0.05,72.21,Online,
TXN10563,C0272,2025-06-10,Necklace,High Jewelry,1,104.24,0.15,88.6,Online,
TXN10917,C0189,2026-04-10,Bracelet,Signature,2,225.3,0.2,360.48,Online,
TXN10702,C0258,2024-05-03,Necklace,Classic,1,932.55,0.05,885.92,Online,
TXN10501,C0332,2024-06-29,Ring,Bridal,3,11664.75,0.0,34994.25,Boutique,
TXN10105,C0296,2026-03-29,Necklace,Signature,1,1168.38,0.0,1168.38,Boutique,
TXN10084,C0003,2025-03-31,Bracelet,Signature,1,343.09,0.0,343.09,Boutique,
TXN10791,C0035,2024-01-19,Bracelet,Classic,2,807.19,0.15,1372.22,Online,
TXN10300,C0077,2024-06-10,Ring,High Jewelry,1,196.43,0.2,157.14,Boutique,
TXN10298,C0265,2025-01-20,Bracelet,Limited,1,186.38,0.1,167.74,Online,
TXN10834,C0267,2025-08-27,Watch,Signature,2,207.03,0.3,289.84,Boutique,
TXN10673,C0086,2026-06-10,Necklace,High Jewelry,3,206.25,0.05,587.81,Online,
TXN10739,C0030,2025-06-03,Ring,Signature,1,1933.74,0.1,1740.37,Boutique,
TXN10549,C0246,2024-05-22,Necklace,Classic,1,720.81,0.1,648.73,,
TXN10689,C0127,2024-12-01,Necklace,High Jewelry,1,512.06,0.1,460.85,Boutique,
TXN10594,C0173,2024-01-21,Ring,Bridal,3,531.29,0.3,1115.71,,
TXN10785,C0341,2026-01-11,Ring,Signature,1,168.13,0.3,117.69,Boutique,
TXN10682,C0102,2024-03-27,Bracelet,Classic,3,132.56,0.2,318.14,Online,
TXN10341,C0324,2026-06-08,Ring,Classic,2,214.39,0.1,385.9,Online,
TXN10870,C0339,2025-12-01,Watch,Signature,1,832.82,0.2,666.26,Flagship,
TXN10388,C0028,2025-06-20,Bracelet,Classic,1,75.04,0.05,71.29,Boutique,
TXN10239,C0082,2025-03-02,Necklace,High Jewelry,2,2208.48,0.2,3533.57,Boutique,
TXN10150,C0004,2024-01-25,Earrings,Classic,3,227.94,0.0,683.82,Flagship,
TXN10282,C0109,2026-07-16,Earrings,Signature,1,866.92,0.0,866.92,Boutique,
TXN10178,C0122,2024-11-23,Bracelet,Classic,2,4993.49,0.0,9986.98,Boutique,
TXN10457,C0167,2025-05-14,Earrings,Classic,1,90.97,0.1,81.87,Boutique,
TXN10541,C0331,2024-10-25,Necklace,Signature,2,521.0,0.05,989.9,Online,
TXN10857,C0191,2025-11-04,Watch,Limited,1,871.97,0.1,784.77,Online,
TXN10839,C0348,2024-12-22,Earrings,Classic,2,1095.15,0.2,1752.24,Boutique,
TXN10137,C0260,2025-10-05,Bracelet,Limited,2,2759.79,0.2,4415.66,Boutique,
TXN10597,C0174,2025-09-21,Ring,Signature,1,105.23,0.3,73.66,Online,
TXN10684,C0012,2026-06-30,Necklace,High Jewelry,1,1945.98,0.3,1362.19,Online,
TXN10112,C0252,2025-12-28,Earrings,Classic,1,1727.54,0.15,1468.41,Boutique,
TXN10643,C0042,2026-04-30,Earrings,Classic,3,1046.87,0.05,2983.58,Online,
TXN10167,C0177,2025-05-29,Watch,Signature,1,310.62,0.05,295.09,Online,
TXN10345,C0243,2024-02-25,Watch,Signature,1,111.91,0.0,111.91,Boutique,
TXN10688,C0154,2025-11-13,Bracelet,Limited,3,3244.52,0.0,9733.56,Online,
TXN10711,C0043,2024-07-27,Watch,Limited,2,918.22,0.0,1836.44,Online,
TXN10186,C0088,2024-03-24,Bracelet,Limited,2,465.73,0.1,838.31,Boutique,
TXN10779,C0100,2024-02-08,Earrings,Classic,3,1587.37,0.1,4285.9,Boutique,
TXN10781,C0064,2026-01-29,Watch,Limited,1,394.14,0.2,315.31,Boutique,
TXN10742,C0254,2026-07-31,Ring,High Jewelry,1,127.3,0.1,114.57,Online,
TXN10503,C0013,2024-09-01,Watch,Limited,2,482.18,0.2,771.49,Boutique,
TXN10557,C0103,2026-05-02,Ring,High Jewelry,1,298.84,0.3,209.19,Online,
TXN10504,C0009,2024-12-13,Necklace,High Jewelry,2,2812.94,0.2,4500.7,,
TXN10766,C0274,2024-07-11,Earrings,Classic,2,459.02,0.2,734.43,Online,
TXN10750,C0065,2025-08-21,Watch,Signature,1,1237.39,0.3,866.17,Boutique,
TXN10490,C0345,2026-05-01,Necklace,Signature,2,123.37,0.0,246.74,Online,
TXN10777,C0253,2026-02-19,Earrings,Classic,2,1039.27,0.0,2078.54,Boutique,
TXN10130,C0329,2024-03-11,Ring,Signature,3,522.21,0.0,1566.63,Boutique,
TXN10267,C0252,2025-07-17,Watch,Signature,1,142.59,0.15,121.2,Boutique,
TXN10741,C0308,2026-05-22,Bracelet,Classic,1,718.31,0.0,718.31,Boutique,
TXN10002,C0301,2026-02-25,Ring,Signature,1,2323.36,0.3,1626.35,Boutique,
TXN10279,C0113,2026-02-03,Ring,Signature,2,178.44,0.05,339.04,Flagship,
TXN10500,C0171,2025-02-14,Bracelet,Signature,1,763.05,0.0,763.05,Online,
TXN10516,C0142,2024-07-17,Necklace,High Jewelry,2,208.7,0.1,375.66,Boutique,
TXN10573,C0259,2024-03-10,Watch,Signature,1,82.0,0.15,69.7,Boutique,
TXN10177,C0294,2026-05-21,Earrings,Classic,2,146.6,0.0,293.2,Boutique,
TXN10175,C0081,2026-03-21,Earrings,Signature,1,822.62,0.0,822.62,Online,
TXN10463,C0036,2024-04-21,Watch,Signature,2,1173.07,0.05,2228.83,Boutique,
TXN10545,C0342,2024-06-14,Ring,Classic,1,331.58,0.05,315.0,,
TXN10310,C0302,2024-04-10,Watch,Limited,1,408.05,0.3,285.63,Boutique,
TXN10427,C0126,2024-10-11,Watch,Signature,1,821.23,0.0,821.23,Boutique,
TXN10520,C0347,2024-08-23,Bracelet,Classic,1,1076.25,0.0,1076.25,Online,
TXN10409,C0016,2026-06-20,Bracelet,Classic,3,114.57,0.2,274.97,Boutique,
TXN10546,C0341,2024-12-18,Bracelet,Classic,1,147.75,0.15,125.59,,
TXN10445,C0269,2024-06-28,Bracelet,Signature,2,441.94,0.15,751.3,Boutique,
TXN10568,C0306,2026-02-20,Watch,Signature,1,116.47,0.0,116.47,Boutique,
TXN10816,C0133,2025-03-27,Earrings,Classic,3,931.96,0.0,2795.88,Boutique,
TXN10082,C0339,2024-03-28,Earrings,Signature,1,1021.38,0.2,817.1,Boutique,
TXN10230,C0071,2026-04-30,Earrings,Classic,2,2298.81,0.0,4597.62,Boutique,
TXN10540,C0267,2024-10-27,Necklace,Signature,1,300.09,0.1,270.08,Boutique,
TXN10141,C0086,2024-05-09,Bracelet,Signature,1,811.11,0.05,770.55,Online,
TXN10588,C0085,2025-03-17,Earrings,Signature,2,43.54,0.3,60.96,Boutique,
TXN10661,C0249,2024-01-21,Earrings,Signature,1,2532.48,0.05,2405.86,Online,
TXN10351,C0252,2024-11-02,Earrings,Classic,1,96.9,0.15,82.37,Boutique,
TXN10706,C0348,2024-03-01,Ring,Bridal,1,678.7,0.2,542.96,Boutique,
TXN10658,C0156,2026-04-12,Watch,Limited,3,1996.16,0.2,4790.78,Online,
TXN10926,X9971,2025-04-26,Ring,High Jewelry,2,3055.32,0.0,6110.64,Online,
TXN10249,C0281,2025-01-17,Watch,Limited,1,734.85,0.1,661.37,Boutique,
TXN10752,C0092,2025-12-30,Bracelet,Limited,3,226.09,0.1,610.44,Boutique,
TXN10211,C0124,2026-04-04,Necklace,Signature,1,377.67,0.2,302.14,Boutique,
TXN10403,C0010,2025-12-01,Bracelet,Classic,1,233.77,0.15,198.7,Boutique,
TXN10251,C0174,2026-02-14,Necklace,Signature,3,54.61,0.15,139.26,Boutique,
TXN10051,C0061,2025-07-04,Ring,Classic,1,391.01,0.3,273.71,Boutique,
TXN10459,C0167,2025-10-27,Watch,Signature,2,154.44,0.1,277.99,Online,
TXN10543,C0157,2026-03-19,Ring,Signature,1,204.77,0.3,143.34,Online,
TXN10185,C0219,2024-10-28,Necklace,Classic,2,2515.72,0.0,5031.44,Boutique,
TXN10253,C0300,2026-08-04,Earrings,Classic,1,601.52,0.2,481.22,Online,
TXN10800,C0326,2024-10-05,Ring,Bridal,1,1841.27,0.1,1657.14,Boutique,
TXN10448,C0305,2024-12-07,Necklace,Signature,2,461.49,0.3,646.09,Online,
TXN10092,C0125,2025-01-20,Bracelet,Classic,1,71.08,0.0,71.08,Flagship,
TXN10786,C0320,2026-08-14,Ring,High Jewelry,1,1787.34,0.0,1787.34,Boutique,
TXN10799,C0160,2026-01-08,Ring,Bridal,2,182.92,0.0,365.84,Boutique,
TXN10748,C0034,2024-05-27,Necklace,Signature,3,140.76,0.05,401.17,Boutique,
TXN10054,C0305,2025-04-02,Necklace,Signature,1,917.73,0.0,917.73,Online,
TXN10062,C0309,2026-06-13,Necklace,Signature,1,814.89,0.1,733.4,Boutique,
TXN10724,C0099,2025-12-10,Necklace,Classic,3,1176.08,0.15,2999.0,Online,
TXN10235,C0090,2026-05-22,Necklace,Classic,1,67.22,0.1,60.5,,
TXN10056,C0296,2026-03-02,Watch,Signature,1,795.73,0.0,795.73,Flagship,
TXN10052,C0153,2025-11-20,Earrings,Signature,2,1010.25,0.3,1414.35,Boutique,
TXN10636,C0145,2025-09-19,Bracelet,Signature,1,521.53,0.05,495.45,Online,
TXN10326,C0135,2024-10-21,Ring,High Jewelry,1,2333.76,0.0,2333.76,Online,
TXN10865,C0128,2025-03-04,Watch,Limited,1,794.48,0.3,556.14,Boutique,
TXN10444,C0140,2024-03-29,Earrings,Classic,2,489.17,0.3,684.84,Flagship,
TXN10073,C0124,2025-09-26,Ring,High Jewelry,1,645.6,0.3,451.92,Boutique,
TXN10042,C0160,2025-10-16,Necklace,Classic,2,1501.05,0.0,3002.1,Boutique,
TXN10140,C0062,2025-12-25,Necklace,Signature,2,487.67,0.3,682.74,Online,
TXN10485,C0155,2026-02-03,Earrings,Signature,2,100.68,0.1,181.22,Boutique,
TXN10337,C0250,2024-09-13,Bracelet,Classic,2,646.34,0.0,1292.68,Online,
TXN10455,C0239,2024-05-14,Watch,Limited,1,746.32,0.2,597.06,Online,
TXN10683,C0267,2024-10-17,Watch,Signature,1,163.0,0.15,138.55,Boutique,
TXN10193,C0104,2026-05-04,Ring,Bridal,3,641.41,0.3,1346.96,Boutique,
TXN10402,C0288,2024-02-10,Necklace,Classic,1,178.94,0.1,161.05,Boutique,
TXN10413,C0210,2026-08-05,Necklace,Classic,3,235.12,0.2,564.29,Flagship,
TXN10399,C0103,2024-10-04,Watch,Limited,1,108.03,0.2,86.42,Online,
TXN10879,C0098,2024-02-11,Bracelet,Classic,1,149.3,0.0,149.3,Boutique,
TXN10125,C0082,2024-04-05,Bracelet,Classic,1,727.17,0.2,581.74,Flagship,
TXN10718,C0251,2025-07-05,Earrings,Signature,3,914.82,0.1,2470.01,Online,
TXN10591,C0165,2024-01-29,Necklace,High Jewelry,-1,599.33,0.05,-569.36,Online,R
TXN10152,C0252,2024-05-25,Necklace,High Jewelry,1,765.38,0.3,535.77,Boutique,
TXN10113,C0150,2024-10-08,Necklace,Signature,2,237.47,0.15,403.7,Online,
TXN10334,C0218,2025-03-05,Ring,Signature,2,900.92,0.05,1711.75,Boutique,
TXN10122,C0033,2025-02-11,Watch,Limited,1,193.72,0.1,174.35,Boutique,
TXN10695,C0061,2024-11-08,Bracelet,Classic,1,433.89,0.3,303.72,Online,
TXN10747,C0234,2025-01-13,Ring,Bridal,2,2758.2,0.3,3861.48,Flagship,
TXN10616,C0155,2026-08-16,Necklace,Signature,1,1092.83,0.3,764.98,Online,
TXN10808,C0125,2024-02-05,Earrings,Classic,3,1712.11,0.2,4109.06,Boutique,
TXN10818,C0341,2026-03-19,Watch,Limited,2,514.12,0.15,874.0,Flagship,
TXN10669,C0311,2024-04-13,Earrings,Signature,2,485.18,0.0,970.36,Flagship,
TXN10679,C0324,2024-10-29,Watch,Limited,3,129.9,0.15,331.25,Online,
TXN10251,C0174,2026-02-14,Necklace,Signature,3,54.61,0.15,139.26,Boutique,
TXN10887,C0246,2025-06-06,Necklace,Signature,1,426.19,0.05,404.88,Boutique,
TXN10012,C0296,2024-07-13,Bracelet,Signature,2,1325.61,0.1,2386.1,Boutique,
TXN10770,C0067,2025-03-04,Watch,Limited,1,471.5,0.0,471.5,Online,
TXN10922,X9057,2026-08-11,Watch,Signature,1,1378.49,0.0,1378.49,Boutique,
TXN10877,C0192,2025-01-08,Bracelet,Limited,1,417.65,0.0,417.65,Flagship,
TXN10919,C0094,2024-12-27,Earrings,Signature,3,272.66,0.1,736.18,Online,
TXN10362,C0063,2025-05-07,Bracelet,Classic,1,682.82,0.3,477.97,Online,
TXN10764,C0276,2024-11-29,Bracelet,Signature,1,720.16,0.0,720.16,Boutique,
TXN10579,C0348,2024-07-02,Bracelet,Classic,2,843.88,0.2,1350.21,Online,
TXN10542,C0249,2025-11-12,Watch,Signature,2,5166.13,0.1,9299.03,Boutique,
TXN10303,C0076,2024-06-19,Necklace,High Jewelry,2,282.49,0.15,480.23,Flagship,
TXN10394,C0217,2024-12-22,Bracelet,Classic,3,202.13,0.0,606.39,Online,
TXN10456,C0241,2026-08-28,Ring,High Jewelry,2,6201.29,0.0,12402.58,Online,
TXN10005,C0258,2025-08-29,Ring,Classic,2,1439.74,0.05,2735.51,Online,
TXN10470,C0280,2025-11-09,Ring,High Jewelry,2,240.84,0.1,433.51,Online,
TXN10768,C0102,2026-07-22,Necklace,Classic,1,1668.95,0.05,1585.5,Online,
TXN10449,C0012,2026-02-15,Watch,Limited,1,324.21,0.15,275.58,Boutique,
TXN10047,C0262,2026-04-08,Earrings,Signature,2,341.73,0.1,615.11,Online,
TXN10104,C0231,2025-03-15,Watch,Signature,1,242.14,0.05,230.03,Online,
TXN10755,C0219,2025-04-23,Earrings,Classic,2,402.87,0.05,765.45,Boutique,
TXN10745,C0090,2026-06-25,Ring,Classic,2,286.02,0.0,572.04,Boutique,
TXN10283,C0100,2024-07-04,Necklace,High Jewelry,1,1038.62,0.3,727.03,Online,
TXN10428,C0335,2024-02-07,Bracelet,Signature,1,714.42,0.0,714.42,Boutique,
TXN10133,C0014,2024-07-29,Bracelet,Classic,3,527.57,0.1,1424.44,Boutique,
TXN10723,C0034,2024-05-11,Watch,Limited,2,838.79,0.3,1174.31,Boutique,
TXN10532,C0198,2025-06-27,Bracelet,Limited,1,106.06,0.2,84.85,Flagship,
TXN10431,C0282,2024-10-26,Necklace,High Jewelry,1,462.79,0.05,439.65,,
TXN10496,C0056,2025-07-07,Ring,High Jewelry,3,942.7,0.0,2828.1,Flagship,
TXN10908,C0036,2024-03-14,Ring,Signature,3,381.89,0.1,1031.1,Boutique,
TXN10482,C0303,2025-11-05,Ring,Bridal,1,291.81,0.3,204.27,Online,
TXN10323,C0287,2025-05-30,Necklace,Classic,2,782.23,0.15,1329.79,Boutique,
TXN10060,C0288,2025-03-02,Earrings,Classic,1,558.27,0.05,530.36,Boutique,
TXN10647,C0062,2025-05-17,Bracelet,Signature,1,4235.99,0.2,3388.79,Online,
TXN10064,C0283,2026-03-05,Bracelet,Signature,3,228.84,0.05,652.19,Boutique,
TXN10654,C0182,2025-08-22,Bracelet,Classic,1,100.54,0.2,80.43,Online,
TXN10676,C0191,2025-01-04,Earrings,Classic,2,681.11,0.1,1226.0,Online,
TXN10050,C0192,2025-04-04,Earrings,Signature,3,235.18,0.3,493.88,Boutique,
TXN10118,C0106,2025-08-06,Necklace,High Jewelry,2,333.09,0.0,666.18,Boutique,
TXN10589,C0338,2025-12-02,Watch,Signature,2,566.92,0.3,793.69,Boutique,
TXN10081,C0168,2025-10-11,Necklace,High Jewelry,2,479.37,0.1,862.87,Boutique,
TXN10744,C0226,2025-10-08,Ring,High Jewelry,1,982.04,0.0,982.04,Boutique,
TXN10736,C0294,2025-10-14,Ring,Signature,2,505.75,0.2,809.2,Online,
TXN10782,C0184,2024-08-09,Ring,Classic,1,549.63,0.3,384.74,Online,
TXN10860,C0114,2024-04-17,Earrings,Signature,2,905.71,0.2,1449.14,Online,
TXN10088,C0033,2025-03-21,Ring,Signature,1,269.41,0.05,255.94,Boutique,
TXN10851,C0064,2024-11-01,Watch,Limited,2,280.01,0.2,448.02,Boutique,
TXN10837,C0324,2025-05-21,Ring,Classic,3,48.72,0.3,102.31,Boutique,
TXN10325,C0196,2025-11-24,Ring,Classic,2,3293.51,0.05,6257.67,Boutique,
TXN10065,C0263,2025-04-22,Earrings,Classic,1,344.04,0.05,326.84,Boutique,
TXN10713,C0140,2024-09-13,Watch,Limited,1,1385.13,0.3,969.59,Online,
TXN10295,C0343,2025-06-14,Ring,Classic,2,1643.46,0.1,2958.23,Online,
TXN10693,C0235,2025-12-22,Ring,Classic,3,519.49,0.0,1558.47,Boutique,
TXN10732,C0227,2024-11-04,Necklace,Classic,1,711.81,0.2,569.45,,
TXN10026,C0313,2024-07-15,Earrings,Signature,1,1631.09,0.0,1631.09,Flagship,
TXN10838,C0092,2026-01-14,Earrings,Signature,1,3582.65,0.15,3045.25,Boutique,
TXN10201,C0029,2026-03-21,Watch,Signature,2,193.6,0.1,348.48,Boutique,
TXN10329,C0315,2026-02-21,Necklace,High Jewelry,1,1400.25,0.1,1260.23,Online,
TXN10315,C0204,2026-05-25,Ring,Signature,1,1074.27,0.1,966.84,Online,
TXN10098,C0170,2024-04-18,Earrings,Signature,2,513.82,0.2,822.11,Online,
TXN10530,C0157,2025-12-21,Ring,Bridal,2,412.05,0.0,824.1,Flagship,
TXN10284,C0237,2024-03-15,Watch,Limited,1,322.6,0.0,322.6,Online,
TXN10123,C0173,2025-08-14,Watch,Signature,1,2117.81,0.0,2117.81,Flagship,
TXN10802,C0011,2025-03-13,Earrings,Signature,1,3515.73,0.15,2988.37,Online,
TXN10292,C0149,2025-04-20,Ring,Signature,1,493.9,0.15,419.81,Boutique,
TXN10491,C0113,2024-09-14,Bracelet,Classic,2,2969.27,0.2,4750.83,Boutique,
TXN10687,C0298,2026-01-01,Watch,Limited,2,3637.41,0.3,5092.37,Online,
TXN10171,C0278,2024-06-28,Bracelet,Limited,1,483.07,0.15,410.61,Boutique,
TXN10703,C0297,2024-03-27,Earrings,Classic,2,2149.97,0.15,3654.95,Boutique,
TXN10307,C0077,2024-04-08,Watch,Signature,2,2300.27,0.15,3910.46,Online,
TXN10853,C0268,2025-09-12,Bracelet,Classic,1,539.83,0.2,431.86,Online,
TXN10419,C0238,2024-04-02,Earrings,Signature,2,791.37,0.2,1266.19,Boutique,
TXN10730,C0171,2026-03-24,Watch,Signature,2,288.34,0.15,490.18,Boutique,
TXN10731,C0321,2025-08-15,Earrings,Classic,3,1742.43,0.0,5227.29,Online,
TXN10536,C0298,2026-02-10,Ring,Bridal,1,895.1,0.05,850.35,Boutique,
TXN10191,C0258,2026-07-11,Watch,Limited,2,530.63,0.0,1061.26,Boutique,
TXN10404,C0321,2026-06-18,Bracelet,Classic,1,1472.03,0.1,1324.83,Online,
TXN10078,C0279,2025-11-04,Watch,Signature,3,956.19,0.3,2008.0,Boutique,
TXN10013,C0255,2024-04-02,Necklace,Classic,1,2694.26,0.0,2694.26,Online,
TXN10523,C0172,2024-02-02,Ring,Bridal,1,724.68,0.0,724.68,Online,
TXN10538,C0273,2026-07-10,Watch,Signature,3,175.18,0.2,420.43,Online,
TXN10539,C0097,2024-03-30,Earrings,Classic,-3,178.02,0.0,-534.06,Boutique,R
TXN10004,C0129,2025-10-12,Ring,Classic,3,1614.73,0.05,4601.98,Online,
TXN10247,C0028,2026-05-14,Ring,High Jewelry,2,405.3,0.15,689.01,Boutique,
TXN10424,C0027,2024-11-11,Earrings,Classic,2,104.21,0.05,198.0,Online,
TXN10614,C0340,2025-12-08,Necklace,High Jewelry,3,231.0,0.2,554.4,Boutique,
TXN10270,C0333,2024-04-27,Necklace,Classic,3,875.77,0.15,2233.21,Flagship,
TXN10274,C0218,2024-07-29,Necklace,Classic,3,626.2,0.3,1315.02,Boutique,
TXN10550,C0229,2024-04-04,Bracelet,Signature,1,213.54,0.15,181.51,Boutique,
TXN10519,C0060,2026-07-05,Necklace,High Jewelry,2,200.39,0.05,380.74,Boutique,
TXN10229,C0323,2024-11-04,Necklace,High Jewelry,2,417.34,0.05,792.95,Online,
TXN10383,C0110,2024-01-23,Bracelet,Signature,2,517.78,0.0,1035.56,Boutique,
TXN10007,C0255,2024-10-23,Watch,Limited,1,723.21,0.3,506.25,Online,
TXN10405,C0196,2025-11-25,Watch,Signature,1,868.4,0.1,781.56,Boutique,
TXN10422,C0059,2025-10-11,Earrings,Classic,2,286.25,0.2,458.0,Online,
TXN10475,C0189,2025-08-17,Necklace,Signature,1,440.28,0.2,352.22,Online,
TXN10359,C0241,2024-07-15,Ring,Signature,2,1333.72,0.3,1867.21,Boutique,
TXN10904,C0276,2024-04-18,Watch,Signature,3,1894.8,0.05,5400.18,Online,
TXN10480,C0032,2025-08-15,Earrings,Signature,1,684.67,0.0,684.67,Boutique,
TXN10200,C0097,2024-08-04,Earrings,Signature,2,1837.26,0.3,2572.16,Boutique,
TXN10672,C0264,2025-11-16,Watch,Signature,1,2124.38,0.3,1487.07,Online,
TXN10553,C0219,2025-01-30,Bracelet,Limited,1,352.32,0.05,334.7,Flagship,
TXN10670,C0134,2025-11-24,Bracelet,Classic,2,116.03,0.0,232.06,Boutique,
TXN10778,C0237,2024-03-15,Necklace,Signature,2,1105.29,0.1,1989.52,Boutique,
TXN10651,C0254,2025-10-06,Watch,Limited,2,667.34,0.1,1201.21,Boutique,
TXN10587,C0197,2024-11-18,Earrings,Signature,1,1627.11,0.0,1627.11,Boutique,
TXN10296,C0333,2024-04-15,Bracelet,Limited,1,1100.22,0.3,770.15,Online,
TXN10858,C0223,2024-01-27,Earrings,Signature,1,1577.56,0.0,1577.56,Boutique,
TXN10824,C0311,2025-02-13,Earrings,Signature,1,4406.49,0.1,3965.84,Flagship,
TXN10454,C0323,2025-09-23,Earrings,Classic,1,327.65,0.2,262.12,Online,
TXN10102,C0012,2025-10-25,Bracelet,Signature,1,527.08,0.15,448.02,Boutique,
TXN10508,C0348,2024-11-28,Earrings,Classic,2,51.16,0.0,102.32,Boutique,
TXN10829,C0344,2025-11-12,Necklace,High Jewelry,3,112.53,0.1,303.83,Boutique,
TXN10421,C0129,2025-12-09,Bracelet,Classic,1,1302.11,0.2,1041.69,Online,
TXN10576,C0064,2024-04-22,Earrings,Classic,1,530.51,0.2,424.41,Boutique,
TXN10749,C0326,2026-08-01,Ring,High Jewelry,1,139.36,0.05,132.39,Boutique,
TXN10881,C0257,2024-05-14,Earrings,Signature,1,492.75,0.0,492.75,Online,
TXN10762,C0214,2025-03-25,Ring,Signature,1,397.9,0.0,397.9,Online,
TXN10101,C0179,2024-04-09,Earrings,Classic,1,335.36,0.0,335.36,Boutique,
TXN10290,C0039,2026-05-19,Necklace,High Jewelry,2,499.69,0.15,849.47,Boutique,
TXN10903,C0282,2026-01-09,Bracelet,Classic,1,179.14,0.0,179.14,Boutique,
TXN10291,C0109,2025-07-18,Necklace,High Jewelry,1,611.76,0.05,581.17,Boutique,
TXN10390,C0047,2025-03-18,Ring,Classic,1,255.96,0.05,243.16,Boutique,
TXN10446,C0248,2024-11-13,Watch,Signature,1,904.08,0.3,632.86,Flagship,
TXN10871,C0090,2025-01-10,Necklace,Classic,1,1839.1,0.1,1655.19,Boutique,
TXN10181,C0084,2024-03-16,Earrings,Classic,2,158.65,0.0,317.3,Online,
TXN10722,C0101,2024-04-23,Earrings,Classic,2,2489.95,0.0,4979.9,Online,
TXN10630,C0235,2024-01-11,Necklace,High Jewelry,3,312.07,0.1,842.59,Online,
TXN10604,C0223,2024-11-22,Earrings,Classic,1,2542.15,0.3,1779.5,Boutique,
TXN10646,C0048,2024-09-18,Earrings,Classic,2,1090.44,0.05,2071.84,Online,
TXN10814,C0088,2025-01-18,Ring,Classic,2,248.73,0.0,497.46,Boutique,
TXN10875,C0206,2024-01-10,Bracelet,Classic,1,112.05,0.15,95.24,Boutique,
TXN10790,C0199,2024-12-06,Ring,Bridal,3,37.67,0.05,107.36,Flagship,
TXN10436,C0212,2024-12-07,Necklace,High Jewelry,1,114.11,0.0,114.11,Online,
TXN10555,C0213,2026-05-05,Ring,High Jewelry,1,589.93,0.05,560.43,Boutique,
TXN10924,X9891,2025-11-09,Necklace,Classic,2,661.4,0.0,1322.8,Boutique,
TXN10360,C0198,2024-09-10,Earrings,Signature,2,356.83,0.2,570.93,Flagship,
TXN10420,C0212,2025-04-06,Bracelet,Classic,3,95.48,0.0,286.44,Online,
TXN10830,C0171,2026-08-12,Ring,Bridal,1,3237.67,0.2,2590.14,Boutique,
TXN10466,C0154,2026-03-24,Watch,Limited,2,1512.04,0.2,2419.26,Flagship,
TXN10602,C0296,2024-08-06,Earrings,Signature,2,2760.79,0.05,5245.5,Flagship,
TXN10127,C0001,2025-05-03,Ring,Classic,2,69.39,0.2,111.02,Boutique,
TXN10888,C0215,2024-11-23,Ring,High Jewelry,1,1225.63,0.0,1225.63,Online,
TXN10314,C0283,2025-05-09,Watch,Limited,2,124.58,0.05,236.7,Flagship,
TXN10309,C0190,2025-12-15,Necklace,Signature,2,530.08,0.3,742.11,Online,
TXN10016,C0186,2024-10-22,Watch,Signature,2,97.19,0.05,184.66,Online,
TXN10734,C0238,2026-06-20,Earrings,Signature,3,634.23,0.2,1522.15,Online,
TXN10379,C0054,2026-03-22,Ring,Bridal,1,179.86,0.2,143.89,Boutique,
TXN10606,C0238,2025-07-27,Earrings,Classic,1,2450.5,0.0,2450.5,Boutique,
TXN10195,C0058,2024-06-02,Earrings,Classic,1,98.39,0.0,98.39,Online,
TXN10214,C0184,2024-11-03,Watch,Limited,1,1173.37,0.1,1056.03,Boutique,
TXN10356,C0026,2024-01-23,Watch,Signature,1,254.63,0.0,254.63,Online,
TXN10221,C0046,2025-09-21,Ring,Classic,2,395.74,0.1,712.33,Boutique,
TXN10916,C0077,2025-10-01,Bracelet,Limited,1,1236.03,0.05,1174.23,Flagship,
TXN10170,C0303,2025-12-21,Necklace,Signature,1,648.55,0.3,453.98,Flagship,
TXN10559,C0064,2025-03-03,Bracelet,Classic,1,652.77,0.1,587.49,Flagship,
TXN10430,C0234,2025-01-03,Watch,Limited,2,270.47,0.3,378.66,Boutique,
TXN10862,C0088,2026-08-27,Bracelet,Limited,3,880.17,0.2,2112.41,Flagship,
TXN10223,C0010,2025-10-03,Necklace,Signature,1,871.09,0.05,827.54,Boutique,
TXN10037,C0332,2026-01-05,Bracelet,Classic,1,52.02,0.15,44.22,Online,
TXN10767,C0088,2025-11-22,Necklace,Classic,3,546.29,0.15,1393.04,Boutique,
TXN10610,C0255,2024-08-31,Necklace,High Jewelry,1,1130.63,0.05,1074.1,Online,
TXN10717,C0331,2025-09-15,Necklace,High Jewelry,3,314.38,0.0,943.14,Boutique,
TXN10915,C0044,2025-09-11,Necklace,Signature,1,155.66,0.15,132.31,Boutique,
TXN10461,C0223,2026-03-17,Watch,Limited,1,186.13,0.2,148.9,Online,
TXN10003,C0156,2024-06-14,Ring,Classic,1,155.82,0.15,132.45,Online,
TXN10533,C0295,2026-03-17,Ring,High Jewelry,1,1234.16,0.2,987.33,Flagship,
TXN10716,C0134,2024-10-06,Earrings,Classic,2,283.37,0.05,538.4,Boutique,
TXN10416,C0267,2025-04-07,Necklace,High Jewelry,1,253.31,0.15,215.31,Boutique,
TXN10116,C0135,2026-06-01,Bracelet,Classic,1,1430.15,0.3,1001.11,Online,
TXN10607,C0015,2026-03-19,Bracelet,Limited,1,2638.98,0.2,2111.18,Online,
TXN10511,C0081,2026-06-19,Necklace,High Jewelry,1,480.7,0.0,480.7,Online,
TXN10151,C0337,2026-05-19,Earrings,Signature,1,942.74,0.15,801.33,Flagship,
TXN10469,C0121,2025-12-20,Earrings,Signature,3,775.87,0.1,2094.85,Boutique,
TXN10154,C0150,2026-05-21,Bracelet,Signature,3,85.4,0.3,179.34,Online,
TXN10014,C0026,2025-05-21,Bracelet,Classic,3,1589.25,0.1,4290.98,Boutique,
TXN10678,C0227,2026-02-27,Ring,Classic,3,2078.34,0.0,6235.02,Flagship,
TXN10331,C0245,2024-02-03,Watch,Signature,3,496.56,0.3,1042.78,Boutique,
TXN10148,C0005,2024-07-24,Bracelet,Signature,3,79.44,0.15,202.57,Boutique,
TXN10592,C0014,2025-01-24,Bracelet,Limited,1,154.42,0.1,138.98,Boutique,
TXN10880,C0246,2024-05-01,Bracelet,Signature,3,353.9,0.2,849.36,Boutique,
TXN10626,C0026,2025-09-24,Earrings,Classic,1,411.03,0.05,390.48,Boutique,
TXN10876,C0211,2026-07-24,Necklace,Signature,3,479.08,0.05,1365.38,Boutique,
TXN10899,C0304,2026-06-19,Necklace,Signature,2,2592.03,0.2,4147.25,Online,
TXN10010,C0264,2024-04-18,Watch,Signature,1,259.88,0.1,233.89,Boutique,
TXN10398,C0343,2025-01-20,Necklace,Signature,1,784.88,0.05,745.64,Boutique,
TXN10584,C0028,2025-05-25,Necklace,Classic,1,247.05,0.05,234.7,Online,
TXN10363,C0121,2024-11-28,Earrings,Signature,1,641.97,0.0,641.97,Flagship,
TXN10447,C0106,2025-04-15,Necklace,Classic,1,102.6,0.0,102.6,Boutique,
TXN10796,C0125,2025-07-06,Ring,Bridal,2,793.42,0.15,1348.81,Boutique,
TXN10548,C0332,2025-04-30,Bracelet,Classic,3,2371.61,0.1,6403.35,Boutique,
TXN10486,C0007,2026-08-07,Bracelet,Classic,1,1221.52,0.15,1038.29,Online,
TXN10493,C0057,2024-09-16,Ring,High Jewelry,1,157.31,0.2,125.85,Boutique,
TXN10637,C0078,2026-05-23,Watch,Signature,2,4429.87,0.0,8859.74,Boutique,
TXN10694,C0081,2025-01-13,Watch,Signature,1,1040.34,0.15,884.29,Boutique,
TXN10203,C0238,2025-02-10,Watch,Limited,1,659.62,0.0,659.62,Boutique,
TXN10890,C0187,2024-11-07,Bracelet,Classic,3,53.82,0.15,137.24,Online,
TXN10304,C0010,2026-08-27,Bracelet,Classic,2,119.19,0.3,166.87,Boutique,
TXN10677,C0220,2026-07-29,Earrings,Classic,2,359.17,0.3,502.84,Online,
TXN10438,C0171,2025-02-09,Bracelet,Signature,1,1484.34,0.3,1039.04,Boutique,
TXN10918,C0035,2025-08-14,Necklace,Classic,1,298.59,0.0,298.59,Boutique,
TXN10652,C0154,2024-05-10,Ring,Classic,1,810.11,0.15,688.59,Boutique,
TXN10907,C0097,2025-05-17,Watch,Signature,1,271.45,0.3,190.01,Boutique,
TXN10265,C0151,2024-06-30,Earrings,Classic,1,279.63,0.15,237.69,Online,
TXN10219,C0074,2026-06-02,Bracelet,Classic,2,3105.92,0.05,5901.25,Online,
TXN10537,C0142,2024-03-05,Necklace,Signature,2,317.89,0.15,540.41,Online,
TXN10429,C0092,2025-11-19,Ring,Signature,3,148.41,0.15,378.45,Online,
TXN10462,C0059,2025-09-02,Watch,Limited,2,421.02,0.0,842.04,Boutique,
TXN10305,C0211,2024-05-26,Watch,Limited,1,84.45,0.0,84.45,Online,
TXN10083,C0079,2025-12-29,Earrings,Classic,2,928.39,0.05,1763.94,Boutique,
TXN10893,C0062,2025-08-23,Necklace,High Jewelry,2,1035.0,0.0,2070.0,Boutique,
TXN10280,C0153,2024-01-12,Bracelet,Limited,1,618.32,0.0,618.32,Boutique,
TXN10070,C0212,2026-05-12,Ring,Bridal,1,642.03,0.0,642.03,Boutique,
TXN10145,C0284,2024-08-17,Earrings,Classic,3,276.98,0.05,789.39,Boutique,
TXN10721,C0120,2025-01-06,Earrings,Classic,3,87.92,0.2,211.01,Online,
TXN10180,C0086,2025-05-19,Earrings,Classic,2,1495.87,0.0,2991.74,Online,
TXN10258,C0288,2025-08-19,Earrings,Signature,2,735.45,0.2,1176.72,Online,
TXN10883,C0128,2026-02-24,Bracelet,Signature,3,183.75,0.0,551.25,Online,
TXN10821,C0002,2026-06-10,Earrings,Signature,1,1923.5,0.0,1923.5,Online,
TXN10023,C0017,2026-08-28,Watch,Limited,2,786.52,0.05,1494.39,Boutique,
TXN10867,C0047,2024-03-19,Necklace,Signature,2,1380.59,0.3,1932.83,Online,
TXN10889,C0109,2025-04-28,Bracelet,Signature,2,171.69,0.0,343.38,Boutique,
TXN10663,C0284,2024-02-07,Bracelet,Limited,2,470.64,0.2,753.02,Online,
TXN10833,C0195,2026-01-24,Watch,Signature,2,764.68,0.05,1452.89,Online,
TXN10440,C0275,2025-04-18,Bracelet,Signature,3,1229.61,0.0,3688.83,Online,
TXN10370,C0095,2025-09-26,Necklace,Classic,3,84.2,0.15,214.71,Online,
TXN10063,C0156,2024-08-04,Necklace,Classic,2,467.54,0.2,748.06,Boutique,
TXN10891,C0170,2026-01-29,Bracelet,Classic,2,4797.75,0.15,8156.18,Online,
TXN10615,C0063,2026-06-06,Watch,Limited,1,201.91,0.1,181.72,Flagship,
TXN10032,C0003,2026-08-09,Watch,Limited,2,76.74,0.1,138.13,Online,
TXN10581,C0063,2026-05-08,Ring,High Jewelry,3,371.05,0.3,779.21,Online,
TXN10327,C0094,2025-05-25,Ring,Signature,1,884.3,0.3,619.01,Boutique,
TXN10218,C0272,2025-02-27,Bracelet,Signature,2,209.41,0.15,356.0,Online,
TXN10655,C0094,2024-02-16,Earrings,Signature,2,195.38,0.3,273.53,Online,
TXN10149,C0303,2026-03-02,Earrings,Classic,2,3449.46,0.3,4829.24,Online,
TXN10481,C0130,2025-09-22,Ring,Signature,1,26.9,0.2,21.52,Boutique,
TXN10159,C0016,2026-05-25,Earrings,Classic,1,344.45,0.0,344.45,Boutique,
TXN10558,C0253,2026-01-27,Watch,Limited,1,459.04,0.0,459.04,Boutique,
TXN10039,C0343,2024-07-08,Necklace,Classic,1,2806.01,0.0,2806.01,Boutique,
TXN10825,C0338,2026-01-21,Necklace,High Jewelry,3,283.41,0.0,850.23,Online,
TXN10285,C0170,2024-05-11,Bracelet,Classic,1,751.66,0.15,638.91,Boutique,
TXN10117,C0302,2026-05-31,Bracelet,Classic,1,1455.35,0.15,1237.05,Boutique,
TXN10487,C0050,2025-10-14,Watch,Limited,2,83.86,0.2,134.18,Online,
TXN10217,C0299,2026-08-24,Watch,Limited,1,758.54,0.15,644.76,Boutique,
TXN10497,C0053,2024-03-15,Necklace,Signature,1,486.63,0.0,486.63,Online,
TXN10618,C0242,2026-08-06,Earrings,Signature,1,4807.97,0.3,3365.58,Boutique,
TXN10350,C0188,2024-09-23,Earrings,Classic,1,591.13,0.05,561.57,Boutique,
TXN10324,C0174,2025-11-28,Earrings,Classic,1,411.83,0.1,370.65,Boutique,
TXN10868,C0347,2026-08-12,Watch,Signature,2,1137.98,0.2,1820.77,Flagship,
TXN10336,C0101,2026-03-30,Ring,High Jewelry,2,992.81,0.0,1985.62,Flagship,
TXN10411,C0014,2024-03-22,Bracelet,Limited,2,971.01,0.3,1359.41,Online,
TXN10204,C0091,2025-08-23,Earrings,Classic,1,571.19,0.2,456.95,Online,
TXN10443,C0293,2025-02-02,Watch,Signature,1,252.65,0.2,202.12,Online,
TXN10406,C0219,2026-07-20,Bracelet,Limited,1,706.97,0.0,706.97,Online,
TXN10110,C0285,2025-05-16,Ring,High Jewelry,2,301.81,0.15,513.08,Boutique,
TXN10184,C0153,2024-04-08,Ring,Classic,2,67.72,0.0,135.44,Boutique,
TXN10855,C0143,2026-01-16,Ring,Signature,1,632.29,0.05,600.68,Boutique,
TXN10882,C0220,2026-01-25,Watch,Signature,2,314.83,0.0,629.66,Online,
TXN10476,C0239,2024-03-21,Watch,Signature,1,551.72,0.1,496.55,Online,
TXN10547,C0208,2026-02-25,Earrings,Signature,1,143.34,0.0,143.34,Boutique,
TXN10894,C0317,2024-11-04,Bracelet,Limited,1,65.76,0.0,65.76,Boutique,
TXN10898,C0197,2026-03-09,Watch,Signature,1,290.82,0.0,290.82,Boutique,
TXN10477,C0325,2026-03-28,Watch,Limited,1,726.56,0.15,617.58,Online,
TXN10357,C0120,2024-06-03,Necklace,Classic,2,244.1,0.05,463.79,Boutique,
TXN10805,C0197,2024-11-11,Earrings,Classic,2,940.61,0.0,1881.22,Flagship,
TXN10685,C0217,2024-04-23,Watch,Signature,1,7812.28,0.2,6249.82,Boutique,
TXN10473,C0197,2024-08-19,Bracelet,Classic,2,110.0,0.1,198.0,Online,
TXN10397,C0109,2025-07-13,Ring,Signature,2,522.81,0.15,888.78,Online,
TXN10228,C0025,2025-03-02,Necklace,Classic,1,437.07,0.1,393.36,Online,
TXN10074,C0208,2025-08-01,Earrings,Classic,1,99.43,0.2,79.54,Online,
TXN10408,C0336,2026-07-28,Watch,Signature,1,615.05,0.05,584.3,Online,
TXN10854,C0019,2024-05-25,Ring,High Jewelry,1,51.51,0.15,43.78,Online,
TXN10162,C0063,2026-08-22,Necklace,Signature,2,451.03,0.1,811.85,Online,
TXN10384,C0183,2024-05-21,Ring,Signature,1,261.21,0.0,261.21,Online,
TXN10784,C0047,2025-03-07,Necklace,Classic,1,3261.51,0.0,3261.51,Flagship,
TXN10107,C0179,2026-05-15,Bracelet,Limited,3,447.6,0.2,1074.24,Online,
TXN10158,C0168,2024-04-03,Ring,Signature,1,401.07,0.05,381.02,Online,
TXN10843,C0193,2025-11-26,Earrings,Signature,1,736.58,0.0,736.58,Boutique,
TXN10574,C0145,2026-07-12,Ring,Classic,1,420.71,0.1,378.64,Online,
TXN10250,C0055,2025-09-17,Bracelet,Classic,2,256.56,0.0,513.12,Boutique,
TXN10058,C0344,2026-03-15,Earrings,Classic,2,573.64,0.0,1147.28,Boutique,
TXN10659,C0045,2024-05-18,Ring,Bridal,3,1160.66,0.0,3481.98,Online,
TXN10635,C0161,2024-05-10,Necklace,Signature,1,465.94,0.2,372.75,Boutique,
TXN10043,C0245,2025-04-10,Ring,Bridal,2,1612.84,0.2,2580.54,Boutique,
TXN10720,C0099,2024-01-10,Earrings,Classic,2,366.93,0.2,587.09,Boutique,
TXN10269,C0110,2024-12-05,Bracelet,Limited,2,352.09,0.15,598.55,Boutique,
TXN10460,C0318,2025-07-15,Ring,Bridal,1,142.15,0.05,135.04,Boutique,
TXN10518,C0023,2026-01-28,Necklace,High Jewelry,1,79.4,0.3,55.58,Boutique,
TXN10423,C0194,2025-01-24,Watch,Signature,1,43.97,0.0,43.97,Online,
TXN10850,C0229,2024-05-05,Bracelet,Classic,1,675.72,0.3,473.0,Online,
TXN10085,C0286,2025-06-08,Watch,Limited,1,412.32,0.15,350.47,,
TXN10382,C0230,2024-01-01,Earrings,Classic,1,716.67,0.0,716.67,Boutique,
TXN10758,C0129,2026-02-02,Bracelet,Classic,1,3234.85,0.0,3234.85,Online,
TXN10639,C0021,2024-12-31,Earrings,Signature,3,450.42,0.3,945.88,Boutique,
TXN10524,C0215,2026-02-17,Ring,Signature,2,36.65,0.0,73.3,Online,
TXN10375,C0185,2026-01-31,Watch,Limited,1,2030.39,0.3,1421.27,Online,
TXN10451,C0106,2024-12-24,Watch,Signature,3,559.92,0.3,1175.83,Boutique,
TXN10831,C0335,2026-05-26,Watch,Signature,1,421.93,0.0,421.93,Boutique,
TXN10927,X9013,2026-01-09,Earrings,Signature,2,121.0,0.0,242.0,Boutique,
TXN10634,C0087,2025-05-19,Watch,Signature,2,178.14,0.1,320.65,Boutique,
TXN10418,C0156,2025-04-17,Bracelet,Classic,1,201.95,0.2,161.56,Boutique,
TXN10912,C0246,2024-09-06,Ring,Classic,1,648.29,0.0,648.29,Boutique,
TXN10293,C0315,2026-02-14,Ring,Signature,1,517.07,0.15,439.51,Flagship,
TXN10751,C0086,2025-02-01,Watch,Limited,2,1874.6,0.05,3561.74,Boutique,
TXN10780,C0043,2025-11-03,Watch,Limited,1,1071.83,0.15,911.06,Boutique,
TXN10499,C0036,2024-08-19,Watch,Limited,2,1569.55,0.15,2668.23,Flagship,
TXN10582,C0330,2024-12-30,Earrings,Classic,2,439.24,0.1,790.63,Boutique,
TXN10126,C0027,2025-10-02,Earrings,Classic,1,145.31,0.1,130.78,Online,
TXN10143,C0029,2026-05-29,Earrings,Classic,1,601.61,0.3,421.13,Boutique,
TXN10665,C0060,2025-09-29,Earrings,Signature,3,1751.26,0.1,4728.4,Boutique,
TXN10452,C0088,2024-11-14,Necklace,Signature,2,680.77,0.0,1361.54,Boutique,
TXN10262,C0332,2025-02-02,Watch,Signature,3,49.61,0.05,141.39,Online,
TXN10484,C0108,2026-01-21,Watch,Limited,1,41.95,0.0,41.95,Boutique,
TXN10921,X9301,2025-04-30,Watch,Limited,1,137.37,0.0,137.37,Boutique,
TXN10471,C0214,2024-10-22,Ring,Bridal,1,471.28,0.0,471.28,Boutique,
TXN10727,C0273,2024-11-19,Earrings,Signature,1,78.02,0.2,62.42,Boutique,
TXN10183,C0170,2024-07-13,Ring,High Jewelry,3,335.65,0.15,855.91,Boutique,
TXN10072,C0009,2026-04-12,Watch,Signature,1,949.28,0.0,949.28,Flagship,
TXN10091,C0154,2025-09-09,Bracelet,Limited,3,1717.03,0.2,4120.87,Boutique,
TXN10361,C0200,2026-08-16,Bracelet,Limited,1,200.26,0.2,160.21,Flagship,
TXN10372,C0050,2025-11-05,Watch,Limited,1,165.27,0.0,165.27,Online,
TXN10590,C0201,2025-05-21,Bracelet,Signature,3,649.45,0.05,1850.93,Online,
TXN10286,C0163,2025-04-06,Earrings,Signature,3,190.36,0.15,485.42,Boutique,
TXN10069,C0072,2025-05-15,Watch,Signature,1,652.47,0.3,456.73,Online,
TXN10811,C0301,2026-01-21,Bracelet,Limited,3,127.8,0.3,268.38,Boutique,
TXN10302,C0125,2024-05-10,Necklace,High Jewelry,3,581.33,0.15,1482.39,Boutique,
TXN10173,C0031,2024-05-31,Necklace,Signature,1,3549.18,0.3,2484.43,Boutique,
TXN10321,C0047,2024-10-18,Watch,Limited,2,1297.14,0.05,2464.57,Boutique,
TXN10925,X9582,2025-01-09,Ring,Bridal,1,201.01,0.0,201.01,Boutique,
TXN10096,C0299,2025-07-01,Earrings,Signature,3,576.37,0.1,1556.2,Boutique,
TXN10510,C0284,2025-03-25,Ring,Bridal,1,154.89,0.0,154.89,Online,
TXN10089,C0321,2025-08-31,Earrings,Signature,1,739.59,0.05,702.61,Boutique,
TXN10560,C0307,2025-08-18,Bracelet,Limited,1,461.6,0.2,369.28,Online,
TXN10844,C0155,2024-06-25,Watch,Signature,3,781.82,0.3,1641.82,Online,
TXN10146,C0293,2024-05-02,Bracelet,Classic,1,512.49,0.0,512.49,Online,
TXN10015,C0056,2024-05-17,Earrings,Classic,2,1080.61,0.0,2161.22,Online,
TXN10828,C0055,2026-01-02,Earrings,Signature,1,289.73,0.0,289.73,Online,
TXN10509,C0024,2024-06-26,Watch,Limited,1,346.18,0.3,242.33,,
TXN10642,C0049,2024-01-27,Bracelet,Classic,1,157.79,0.3,110.45,Boutique,
TXN10580,C0074,2025-02-14,Earrings,Signature,1,184.48,0.05,175.26,Boutique,
TXN10156,C0231,2024-11-17,Earrings,Signature,1,336.92,0.1,303.23,Boutique,
TXN10076,C0088,2025-05-26,Necklace,Classic,1,3087.75,0.15,2624.59,Flagship,
TXN10621,C0322,2024-11-17,Bracelet,Limited,1,578.76,0.15,491.95,Online,
TXN10625,C0286,2025-10-03,Watch,Signature,2,280.91,0.0,561.82,Boutique,
TXN10213,C0098,2026-01-13,Bracelet,Limited,3,1778.65,0.3,3735.17,Boutique,
TXN10244,C0207,2024-03-21,Ring,Bridal,2,334.15,0.0,668.3,Online,
TXN10396,C0103,2024-06-08,Bracelet,Limited,1,129.82,0.05,123.33,Boutique,
TXN10699,C0046,2025-11-11,Watch,Limited,2,720.98,0.05,1369.86,Boutique,
TXN10729,C0222,2025-08-29,Necklace,Classic,2,1156.92,0.0,2313.84,Flagship,
TXN10040,C0229,2024-12-03,Bracelet,Limited,1,127.91,0.05,121.51,Online,
TXN10441,C0290,2025-07-22,Bracelet,Signature,3,536.75,0.05,1529.74,Online,
TXN10638,C0118,2024-02-06,Ring,Bridal,2,460.76,0.1,829.37,Boutique,
TXN10368,C0291,2025-07-10,Ring,Signature,1,168.3,0.3,117.81,Online,
TXN10812,C0294,2026-04-13,Bracelet,Signature,1,1896.76,0.0,1896.76,Flagship,
TXN10347,C0015,2025-11-10,Necklace,High Jewelry,2,20.32,0.1,36.58,Flagship,
TXN10134,C0123,2025-01-30,Earrings,Classic,2,114.39,0.0,228.78,Boutique,
TXN10458,C0145,2025-09-10,Bracelet,Classic,2,656.16,0.3,918.62,Online,
TXN10349,C0269,2024-11-13,Watch,Limited,1,2183.56,0.3,1528.49,Boutique,
TXN10798,C0304,2026-05-01,Watch,Limited,2,992.51,0.0,1985.02,Boutique,
TXN10535,C0035,2025-12-27,Watch,Limited,1,897.12,0.0,897.12,Boutique,
TXN10667,C0068,2026-01-10,Bracelet,Classic,3,3370.45,0.05,9605.78,Online,
TXN10623,C0134,2025-12-04,Ring,High Jewelry,1,639.73,0.0,639.73,Boutique,
TXN10746,C0091,2026-07-21,Bracelet,Signature,1,67.8,0.05,64.41,Flagship,
TXN10528,C0218,2025-02-07,Watch,Signature,1,405.99,0.1,365.39,Boutique,
TXN10428,C0335,2024-02-07,Bracelet,Signature,1,714.42,0.0,714.42,Boutique,
TXN10164,C0077,2025-09-20,Necklace,High Jewelry,1,663.94,0.1,597.55,Boutique,
TXN10804,C0241,2024-06-07,Ring,High Jewelry,2,330.79,0.1,595.42,Flagship,
TXN10787,C0166,2024-01-16,Ring,Classic,2,376.12,0.0,752.24,Boutique,
TXN10144,C0117,2024-01-03,Watch,Signature,2,197.83,0.0,395.66,Boutique,
TXN10669,C0311,2024-04-13,Earrings,Signature,2,485.18,0.0,970.36,Flagship,
TXN10697,C0023,2025-05-07,Earrings,Classic,1,676.88,0.3,473.82,Boutique,
TXN10220,C0161,2024-01-05,Necklace,Signature,1,439.47,0.15,373.55,Online,
TXN10237,C0138,2025-01-16,Necklace,Signature,2,1019.82,0.1,1835.68,Flagship,
TXN10735,C0265,2025-08-24,Bracelet,Classic,2,258.08,0.2,412.93,Boutique,
TXN10845,C0238,2024-10-08,Earrings,Classic,1,772.82,0.0,772.82,Boutique,
TXN10640,C0048,2026-06-08,Ring,Signature,3,41.75,0.15,106.46,Online,
TXN10080,C0041,2026-02-02,Watch,Limited,1,236.06,0.15,200.65,Online,
TXN10474,C0257,2025-02-24,Bracelet,Limited,1,3294.71,0.0,3294.71,Online,
TXN10698,C0071,2025-10-13,Watch,Limited,2,430.95,0.0,861.9,Online,
TXN10155,C0232,2024-08-27,Bracelet,Classic,2,180.07,0.0,360.14,Boutique,
TXN10165,C0246,2024-03-30,Necklace,High Jewelry,1,304.39,0.2,243.51,Online,
TXN10297,C0279,2024-06-27,Watch,Signature,2,338.83,0.2,542.13,Online,
TXN10038,C0090,2026-05-26,Watch,Limited,2,765.36,0.15,1301.11,Boutique,
TXN10600,C0040,2025-05-31,Bracelet,Signature,2,1355.64,0.05,2575.72,Boutique,
TXN10897,C0149,2025-08-02,Necklace,High Jewelry,2,482.95,0.0,965.9,Boutique,
TXN10391,C0281,2024-09-25,Earrings,Signature,3,102.34,0.0,307.02,Online,
TXN10815,C0231,2026-04-13,Watch,Signature,3,249.94,0.0,749.82,Online,
TXN10601,C0129,2025-06-11,Watch,Signature,1,339.3,0.0,339.3,Online,
TXN10024,C0105,2025-05-28,Earrings,Signature,3,217.41,0.1,587.01,Boutique,
TXN10153,C0191,2026-02-04,Earrings,Classic,2,76.98,0.2,123.17,Flagship,
TXN10793,C0318,2024-03-02,Necklace,High Jewelry,1,125.91,0.0,125.91,Boutique,
TXN10514,C0314,2025-10-04,Necklace,Classic,2,1189.94,0.0,2379.88,Online,
TXN10103,C0119,2025-10-06,Earrings,Classic,2,94.04,0.1,169.27,Boutique,
TXN10515,C0061,2024-04-07,Watch,Signature,2,2527.14,0.15,4296.14,Boutique,
TXN10759,C0279,2024-01-09,Bracelet,Signature,1,1001.92,0.3,701.34,Flagship,
TXN10417,C0021,2025-01-31,Watch,Limited,1,535.07,0.0,535.07,Boutique,
TXN10339,C0177,2025-02-25,Necklace,Signature,1,741.14,0.3,518.8,Boutique,
TXN10099,C0192,2025-04-19,Earrings,Classic,2,1718.48,0.0,3436.96,Boutique,
TXN10690,C0218,2024-03-24,Earrings,Classic,1,129.29,0.1,116.36,Boutique,
TXN10719,C0193,2025-01-01,Watch,Limited,3,130.5,0.0,391.5,Boutique,
TXN10132,C0064,2026-01-17,Watch,Limited,1,328.01,0.2,262.41,Boutique,
TXN10364,C0306,2025-01-15,Ring,High Jewelry,2,972.82,0.0,1945.64,Online,
TXN10743,C0193,2025-02-13,Ring,High Jewelry,1,372.6,0.15,316.71,Boutique,
TXN10400,C0056,2024-10-26,Necklace,High Jewelry,1,3560.39,0.1,3204.35,Boutique,
TXN10841,C0296,2025-03-28,Ring,Signature,1,830.16,0.0,830.16,,
TXN10846,C0251,2024-08-18,Watch,Signature,3,595.09,0.0,1785.27,Online,
TXN10884,C0102,2025-12-24,Earrings,Classic,3,893.2,0.15,2277.66,Online,
TXN10512,C0146,2025-12-11,Earrings,Signature,3,6314.73,0.0,18944.19,Boutique,
TXN10407,C0278,2026-06-02,Ring,Signature,2,55.01,0.0,110.02,Boutique,
TXN10289,C0331,2024-03-24,Watch,Signature,1,113.02,0.2,90.42,Online,
TXN10769,C0233,2025-01-12,Necklace,Classic,2,514.0,0.1,925.2,Boutique,
TXN10365,C0321,2024-03-02,Necklace,Signature,2,357.01,0.3,499.81,Boutique,
TXN10008,C0153,2024-03-15,Earrings,Signature,2,752.02,0.1,1353.64,Boutique,
TXN10863,C0283,2026-06-22,Watch,Signature,1,1739.23,0.05,1652.27,Boutique,
TXN10095,C0156,2024-09-15,Ring,Bridal,2,1410.12,0.0,2820.24,Boutique,
TXN10322,C0116,2024-07-18,Watch,Signature,1,426.99,0.05,405.64,Boutique,
TXN10049,C0033,2024-03-02,Watch,Limited,3,234.07,0.2,561.77,Online,
TXN10046,C0085,2026-05-24,Bracelet,Classic,1,514.62,0.2,411.7,Online,
TXN10495,C0092,2024-03-12,Earrings,Signature,2,395.94,0.1,712.69,Boutique,
TXN10809,C0134,2025-04-11,Watch,Signature,3,159.11,0.3,334.13,Boutique,
TXN10577,C0043,2025-05-20,Bracelet,Signature,2,179.07,0.2,286.51,Boutique,
TXN10045,C0040,2024-04-24,Watch,Signature,2,79.18,0.0,158.36,Online,
TXN10578,C0116,2025-02-21,Watch,Limited,1,32.07,0.3,22.45,Boutique,
TXN10583,C0233,2024-05-05,Necklace,High Jewelry,3,193.29,0.0,579.87,Boutique,
TXN10087,C0293,2024-06-22,Watch,Signature,1,750.76,0.05,713.22,Boutique,
TXN10275,C0079,2025-04-15,Necklace,Signature,1,753.98,0.0,753.98,Boutique,
TXN10246,C0317,2026-06-30,Bracelet,Signature,3,502.62,0.1,1357.07,Flagship,
TXN10033,C0165,2025-10-23,Bracelet,Classic,3,716.46,0.2,1719.5,Online,
TXN10653,C0283,2026-07-28,Necklace,Signature,3,421.37,0.2,1011.29,Online,
TXN10206,C0138,2025-06-09,Earrings,Signature,2,4456.92,0.3,6239.69,Boutique,
TXN10564,C0166,2026-04-26,Bracelet,Signature,1,118.17,0.0,118.17,Boutique,
TXN10192,C0089,2024-08-04,Ring,Bridal,2,959.25,0.0,1918.5,Flagship,
TXN10316,C0052,2025-06-04,Ring,Classic,2,371.06,0.15,630.8,Online,
TXN10774,C0178,2025-02-04,Bracelet,Limited,1,1513.98,0.1,1362.58,Boutique,
TXN10011,C0026,2026-08-26,Bracelet,Signature,1,279.11,0.3,195.38,Flagship,
TXN10611,C0200,2026-08-15,Ring,Bridal,1,415.68,0.0,415.68,Flagship,
TXN10913,C0262,2024-05-25,Earrings,Signature,1,212.9,0.2,170.32,Boutique,
TXN10066,C0289,2026-01-29,Ring,High Jewelry,2,199.56,0.15,339.25,Online,
TXN10109,C0306,2025-08-11,Ring,Signature,3,376.34,0.15,959.67,Online,
TXN10554,C0045,2026-01-15,Ring,Bridal,1,370.31,0.3,259.22,Online,
TXN10166,C0128,2026-03-24,Watch,Limited,3,113.49,0.05,323.45,Boutique,
TXN10288,C0348,2026-06-17,Bracelet,Classic,1,460.26,0.1,414.23,Online,
TXN10245,C0162,2025-05-24,Necklace,High Jewelry,2,407.9,0.0,815.8,Online,
TXN10028,C0148,2025-08-10,Necklace,Classic,2,843.29,0.3,1180.61,Boutique,
TXN10343,C0139,2026-03-10,Earrings,Signature,2,1443.86,0.15,2454.56,Flagship,
TXN10866,C0142,2025-06-17,Earrings,Signature,1,1156.18,0.05,1098.37,Boutique,
TXN10797,C0323,2024-03-07,Necklace,Classic,1,100.76,0.0,100.76,Boutique,
TXN10617,C0324,2026-06-19,Bracelet,Signature,1,2584.17,0.05,2454.96,Online,
TXN10371,C0269,2026-02-23,Earrings,Classic,1,633.33,0.1,570.0,Online,
TXN10901,C0150,2025-10-16,Necklace,Classic,1,1487.89,0.2,1190.31,Flagship,
TXN10106,C0344,2025-06-24,Earrings,Classic,2,1773.22,0.15,3014.47,Boutique,
TXN10111,C0005,2024-05-19,Earrings,Signature,2,193.66,0.15,329.22,Online,
TXN10276,C0286,2025-08-11,Necklace,Signature,2,358.68,0.1,645.62,Boutique,
TXN10199,C0117,2024-11-03,Ring,Classic,1,2457.61,0.05,2334.73,Online,
TXN10434,C0067,2025-07-30,Watch,Signature,2,480.53,0.1,864.95,Online,
TXN10662,C0027,2024-01-09,Bracelet,Limited,2,395.32,0.2,632.51,Online,
TXN10380,C0181,2025-07-17,Bracelet,Signature,1,1945.49,0.1,1750.94,Online,
TXN10822,C0128,2025-04-07,Bracelet,Classic,2,948.34,0.15,1612.18,Boutique,
TXN10055,C0225,2025-07-06,Ring,High Jewelry,1,91.18,0.0,91.18,Online,
TXN10168,C0144,2026-04-08,Necklace,Classic,3,737.73,0.0,2213.19,Online,
TXN10389,C0079,2025-11-20,Necklace,High Jewelry,2,1012.12,0.3,1416.97,Online,
TXN10847,C0197,2025-10-22,Earrings,Classic,1,850.03,0.0,850.03,Boutique,
TXN10414,C0034,2026-08-07,Ring,Bridal,2,2276.25,0.1,4097.25,Online,
TXN10657,C0223,2024-01-19,Watch,Limited,3,150.7,0.1,406.89,Online,
TXN10668,C0319,2024-10-16,Ring,Signature,2,730.55,0.0,1461.1,Boutique,
TXN10320,C0315,2025-11-21,Ring,Classic,2,311.62,0.0,623.24,Boutique,
TXN10488,C0139,2026-04-01,Bracelet,Limited,2,54.97,0.1,98.95,Online,
TXN10479,C0149,2024-02-06,Ring,High Jewelry,1,1230.02,0.2,984.02,Online,
TXN10709,C0138,2024-11-21,Necklace,Classic,2,440.56,0.0,881.12,Boutique,
TXN10836,C0307,2024-11-12,Bracelet,Signature,1,499.9,0.3,349.93,Online,
TXN10079,C0154,2025-07-31,Ring,Signature,1,65.27,0.1,58.74,Online,
TXN10861,C0049,2024-12-23,Watch,Signature,2,8187.26,0.05,15555.79,Online,
TXN10619,C0260,2024-12-26,Necklace,High Jewelry,2,283.87,0.2,454.19,Boutique,
TXN10572,C0047,2026-05-16,Ring,Signature,2,937.23,0.05,1780.74,Boutique,
TXN10763,C0157,2025-05-26,Necklace,High Jewelry,3,292.84,0.3,614.96,Boutique,
TXN10842,C0334,2025-01-05,Necklace,Classic,3,1346.02,0.3,2826.64,Flagship,
TXN10188,C0135,2025-04-21,Earrings,Classic,2,31.8,0.0,63.6,Boutique,
TXN10401,C0051,2025-05-11,Bracelet,Signature,1,2159.26,0.0,2159.26,Boutique,
TXN10224,C0258,2024-11-09,Watch,Limited,3,288.02,0.15,734.45,Online,
TXN10057,C0212,2024-10-08,Bracelet,Limited,2,746.27,0.0,1492.54,Flagship,
TXN10633,C0196,2025-02-08,Bracelet,Signature,2,715.11,0.0,1430.22,Online,
TXN10410,C0055,2024-07-08,Ring,Signature,2,862.26,0.0,1724.52,Online,
TXN10216,C0216,2025-01-15,Bracelet,Limited,1,259.81,0.1,233.83,Boutique,
TXN10760,C0297,2025-04-28,Necklace,High Jewelry,1,76.85,0.1,69.16,Boutique,
TXN10128,C0176,2026-05-30,Necklace,High Jewelry,1,416.16,0.0,416.16,Boutique,
TXN10386,C0305,2024-02-08,Bracelet,Signature,1,1377.26,0.3,964.08,Boutique,
TXN10534,C0027,2025-01-27,Necklace,High Jewelry,1,253.17,0.05,240.51,Boutique,
TXN10094,C0225,2026-05-01,Bracelet,Limited,2,3677.88,0.2,5884.61,Boutique,
TXN10278,C0045,2026-02-22,Bracelet,Limited,3,1811.08,0.0,5433.24,Boutique,
TXN10160,C0063,2024-03-04,Necklace,Signature,3,256.69,0.0,770.07,Online,
TXN10433,C0310,2025-03-13,Bracelet,Signature,2,665.48,0.15,1131.32,Flagship,
TXN10232,C0152,2024-02-10,Ring,Classic,3,1357.46,0.1,3665.14,Boutique,
TXN10726,C0239,2025-01-05,Earrings,Signature,3,509.81,0.0,1529.43,Boutique,
TXN10313,C0134,2025-03-09,Watch,Limited,3,674.81,0.1,1821.99,Online,
TXN10513,C0268,2025-02-25,Earrings,Signature,3,271.48,0.0,814.44,Online,
TXN10585,C0040,2026-02-24,Watch,Limited,1,479.33,0.2,383.46,Boutique,
TXN10264,C0116,2026-02-12,Bracelet,Classic,1,932.34,0.3,652.64,Online,
TXN10849,C0276,2026-02-10,Necklace,High Jewelry,2,1231.21,0.2,1969.94,Boutique,
TXN10728,C0039,2024-07-20,Ring,Bridal,3,196.63,0.2,471.91,Boutique,
TXN10567,C0214,2026-07-27,Earrings,Signature,1,2287.31,0.2,1829.85,Boutique,
TXN10465,C0339,2025-04-08,Ring,High Jewelry,2,542.77,0.1,976.99,Boutique,
TXN10896,C0248,2025-06-20,Earrings,Classic,1,2541.77,0.0,2541.77,Online,
TXN10696,C0157,2024-08-08,Bracelet,Classic,1,49.54,0.0,49.54,Boutique,
